{
  "docusaurus-plugin-content-docs": {
    "default": {
      "loadedVersions": [
        {
          "versionName": "current",
          "label": "Next",
          "banner": null,
          "badge": false,
          "className": "docs-version-current",
          "path": "/docs",
          "tagsPath": "/docs/tags",
          "editUrl": "https://github.com/facebook/docusaurus/tree/main/packages/create-docusaurus/templates/shared/docs",
          "editUrlLocalized": "https://github.com/facebook/docusaurus/tree/main/packages/create-docusaurus/templates/shared/i18n/en/docusaurus-plugin-content-docs/current",
          "isLast": true,
          "routePriority": -1,
          "sidebarFilePath": "C:\\Users\\USER\\Lazada-Api\\Lazada-Api\\sidebars.js",
          "contentPath": "C:\\Users\\USER\\Lazada-Api\\Lazada-Api\\docs",
          "contentPathLocalized": "C:\\Users\\USER\\Lazada-Api\\Lazada-Api\\i18n\\en\\docusaurus-plugin-content-docs\\current",
          "docs": [
            {
              "unversionedId": "intro",
              "id": "intro",
              "title": "Tutorial Intro",
              "description": "Let's discover Docusaurus in less than 5 minutes.",
              "source": "@site/docs/intro.md",
              "sourceDirName": ".",
              "slug": "/intro",
              "permalink": "/docs/intro",
              "draft": false,
              "editUrl": "https://github.com/facebook/docusaurus/tree/main/packages/create-docusaurus/templates/shared/docs/intro.md",
              "tags": [],
              "version": "current",
              "sidebarPosition": 1,
              "frontMatter": {
                "sidebar_position": 1
              },
              "sidebar": "tutorialSidebar",
              "next": {
                "title": "Tutorial - Basics",
                "permalink": "/docs/category/tutorial---basics"
              }
            },
            {
              "unversionedId": "New Order/Get Document",
              "id": "New Order/Get Document",
              "title": "Get Document",
              "description": "",
              "source": "@site/docs/New Order/Get Document.md",
              "sourceDirName": "New Order",
              "slug": "/New Order/Get Document",
              "permalink": "/docs/New Order/Get Document",
              "draft": false,
              "editUrl": "https://github.com/facebook/docusaurus/tree/main/packages/create-docusaurus/templates/shared/docs/New Order/Get Document.md",
              "tags": [],
              "version": "current",
              "frontMatter": {},
              "sidebar": "tutorialSidebar",
              "previous": {
                "title": "Get Document PDF",
                "permalink": "/docs/New Order/Get Document PDF"
              },
              "next": {
                "title": "Get Order Items",
                "permalink": "/docs/New Order/Get Order Items"
              }
            },
            {
              "unversionedId": "New Order/Get Document PDF",
              "id": "New Order/Get Document PDF",
              "title": "Get Document PDF",
              "description": "",
              "source": "@site/docs/New Order/Get Document PDF.md",
              "sourceDirName": "New Order",
              "slug": "/New Order/Get Document PDF",
              "permalink": "/docs/New Order/Get Document PDF",
              "draft": false,
              "editUrl": "https://github.com/facebook/docusaurus/tree/main/packages/create-docusaurus/templates/shared/docs/New Order/Get Document PDF.md",
              "tags": [],
              "version": "current",
              "frontMatter": {},
              "sidebar": "tutorialSidebar",
              "previous": {
                "title": "New Order",
                "permalink": "/docs/category/new-order"
              },
              "next": {
                "title": "Get Document",
                "permalink": "/docs/New Order/Get Document"
              }
            },
            {
              "unversionedId": "New Order/Get Order",
              "id": "New Order/Get Order",
              "title": "Get Order",
              "description": "",
              "source": "@site/docs/New Order/Get Order.md",
              "sourceDirName": "New Order",
              "slug": "/New Order/Get Order",
              "permalink": "/docs/New Order/Get Order",
              "draft": false,
              "editUrl": "https://github.com/facebook/docusaurus/tree/main/packages/create-docusaurus/templates/shared/docs/New Order/Get Order.md",
              "tags": [],
              "version": "current",
              "frontMatter": {},
              "sidebar": "tutorialSidebar",
              "previous": {
                "title": "Get Order Items",
                "permalink": "/docs/New Order/Get Order Items"
              },
              "next": {
                "title": "Get Orders",
                "permalink": "/docs/New Order/Get Orders"
              }
            },
            {
              "unversionedId": "New Order/Get Order Items",
              "id": "New Order/Get Order Items",
              "title": "Get Order Items",
              "description": "",
              "source": "@site/docs/New Order/Get Order Items.md",
              "sourceDirName": "New Order",
              "slug": "/New Order/Get Order Items",
              "permalink": "/docs/New Order/Get Order Items",
              "draft": false,
              "editUrl": "https://github.com/facebook/docusaurus/tree/main/packages/create-docusaurus/templates/shared/docs/New Order/Get Order Items.md",
              "tags": [],
              "version": "current",
              "frontMatter": {},
              "sidebar": "tutorialSidebar",
              "previous": {
                "title": "Get Document",
                "permalink": "/docs/New Order/Get Document"
              },
              "next": {
                "title": "Get Order",
                "permalink": "/docs/New Order/Get Order"
              }
            },
            {
              "unversionedId": "New Order/Get Orders",
              "id": "New Order/Get Orders",
              "title": "Get Orders",
              "description": "",
              "source": "@site/docs/New Order/Get Orders.md",
              "sourceDirName": "New Order",
              "slug": "/New Order/Get Orders",
              "permalink": "/docs/New Order/Get Orders",
              "draft": false,
              "editUrl": "https://github.com/facebook/docusaurus/tree/main/packages/create-docusaurus/templates/shared/docs/New Order/Get Orders.md",
              "tags": [],
              "version": "current",
              "frontMatter": {},
              "sidebar": "tutorialSidebar",
              "previous": {
                "title": "Get Order",
                "permalink": "/docs/New Order/Get Order"
              },
              "next": {
                "title": "Get Payout Status",
                "permalink": "/docs/New Order/Get Payout Status"
              }
            },
            {
              "unversionedId": "New Order/Get Payout Status",
              "id": "New Order/Get Payout Status",
              "title": "Get Payout Status",
              "description": "",
              "source": "@site/docs/New Order/Get Payout Status.md",
              "sourceDirName": "New Order",
              "slug": "/New Order/Get Payout Status",
              "permalink": "/docs/New Order/Get Payout Status",
              "draft": false,
              "editUrl": "https://github.com/facebook/docusaurus/tree/main/packages/create-docusaurus/templates/shared/docs/New Order/Get Payout Status.md",
              "tags": [],
              "version": "current",
              "frontMatter": {},
              "sidebar": "tutorialSidebar",
              "previous": {
                "title": "Get Orders",
                "permalink": "/docs/New Order/Get Orders"
              },
              "next": {
                "title": "Get Product Review List",
                "permalink": "/docs/New Order/Get Product Review List"
              }
            },
            {
              "unversionedId": "New Order/Get Product Review List",
              "id": "New Order/Get Product Review List",
              "title": "Get Product Review List",
              "description": "",
              "source": "@site/docs/New Order/Get Product Review List.md",
              "sourceDirName": "New Order",
              "slug": "/New Order/Get Product Review List",
              "permalink": "/docs/New Order/Get Product Review List",
              "draft": false,
              "editUrl": "https://github.com/facebook/docusaurus/tree/main/packages/create-docusaurus/templates/shared/docs/New Order/Get Product Review List.md",
              "tags": [],
              "version": "current",
              "frontMatter": {},
              "sidebar": "tutorialSidebar",
              "previous": {
                "title": "Get Payout Status",
                "permalink": "/docs/New Order/Get Payout Status"
              },
              "next": {
                "title": "Get Products Item",
                "permalink": "/docs/New Order/Get Products Item"
              }
            },
            {
              "unversionedId": "New Order/Get Products",
              "id": "New Order/Get Products",
              "title": "Get Products",
              "description": "",
              "source": "@site/docs/New Order/Get Products.md",
              "sourceDirName": "New Order",
              "slug": "/New Order/Get Products",
              "permalink": "/docs/New Order/Get Products",
              "draft": false,
              "editUrl": "https://github.com/facebook/docusaurus/tree/main/packages/create-docusaurus/templates/shared/docs/New Order/Get Products.md",
              "tags": [],
              "version": "current",
              "frontMatter": {},
              "sidebar": "tutorialSidebar",
              "previous": {
                "title": "Get Products Item",
                "permalink": "/docs/New Order/Get Products Item"
              },
              "next": {
                "title": "Get Reverse Order Detail",
                "permalink": "/docs/New Order/Get Reverse Order Detail"
              }
            },
            {
              "unversionedId": "New Order/Get Products Item",
              "id": "New Order/Get Products Item",
              "title": "Get Products Item",
              "description": "",
              "source": "@site/docs/New Order/Get Products Item.md",
              "sourceDirName": "New Order",
              "slug": "/New Order/Get Products Item",
              "permalink": "/docs/New Order/Get Products Item",
              "draft": false,
              "editUrl": "https://github.com/facebook/docusaurus/tree/main/packages/create-docusaurus/templates/shared/docs/New Order/Get Products Item.md",
              "tags": [],
              "version": "current",
              "frontMatter": {},
              "sidebar": "tutorialSidebar",
              "previous": {
                "title": "Get Product Review List",
                "permalink": "/docs/New Order/Get Product Review List"
              },
              "next": {
                "title": "Get Products",
                "permalink": "/docs/New Order/Get Products"
              }
            },
            {
              "unversionedId": "New Order/Get Reverse Order Detail",
              "id": "New Order/Get Reverse Order Detail",
              "title": "Get Reverse Order Detail",
              "description": "",
              "source": "@site/docs/New Order/Get Reverse Order Detail.md",
              "sourceDirName": "New Order",
              "slug": "/New Order/Get Reverse Order Detail",
              "permalink": "/docs/New Order/Get Reverse Order Detail",
              "draft": false,
              "editUrl": "https://github.com/facebook/docusaurus/tree/main/packages/create-docusaurus/templates/shared/docs/New Order/Get Reverse Order Detail.md",
              "tags": [],
              "version": "current",
              "frontMatter": {},
              "sidebar": "tutorialSidebar",
              "previous": {
                "title": "Get Products",
                "permalink": "/docs/New Order/Get Products"
              },
              "next": {
                "title": "Get Reverse Order For Seller",
                "permalink": "/docs/New Order/Get Reverse Order For Seller"
              }
            },
            {
              "unversionedId": "New Order/Get Reverse Order For Seller",
              "id": "New Order/Get Reverse Order For Seller",
              "title": "Get Reverse Order For Seller",
              "description": "",
              "source": "@site/docs/New Order/Get Reverse Order For Seller.md",
              "sourceDirName": "New Order",
              "slug": "/New Order/Get Reverse Order For Seller",
              "permalink": "/docs/New Order/Get Reverse Order For Seller",
              "draft": false,
              "editUrl": "https://github.com/facebook/docusaurus/tree/main/packages/create-docusaurus/templates/shared/docs/New Order/Get Reverse Order For Seller.md",
              "tags": [],
              "version": "current",
              "frontMatter": {},
              "sidebar": "tutorialSidebar",
              "previous": {
                "title": "Get Reverse Order Detail",
                "permalink": "/docs/New Order/Get Reverse Order Detail"
              },
              "next": {
                "title": "Get Reverse Order History List",
                "permalink": "/docs/New Order/Get Reverse Order History List"
              }
            },
            {
              "unversionedId": "New Order/Get Reverse Order History List",
              "id": "New Order/Get Reverse Order History List",
              "title": "Get Reverse Order History List",
              "description": "",
              "source": "@site/docs/New Order/Get Reverse Order History List.md",
              "sourceDirName": "New Order",
              "slug": "/New Order/Get Reverse Order History List",
              "permalink": "/docs/New Order/Get Reverse Order History List",
              "draft": false,
              "editUrl": "https://github.com/facebook/docusaurus/tree/main/packages/create-docusaurus/templates/shared/docs/New Order/Get Reverse Order History List.md",
              "tags": [],
              "version": "current",
              "frontMatter": {},
              "sidebar": "tutorialSidebar",
              "previous": {
                "title": "Get Reverse Order For Seller",
                "permalink": "/docs/New Order/Get Reverse Order For Seller"
              },
              "next": {
                "title": "Get Reverse Order Reason List",
                "permalink": "/docs/New Order/Get Reverse Order Reason List"
              }
            },
            {
              "unversionedId": "New Order/Get Reverse Order Reason List",
              "id": "New Order/Get Reverse Order Reason List",
              "title": "Get Reverse Order Reason List",
              "description": "",
              "source": "@site/docs/New Order/Get Reverse Order Reason List.md",
              "sourceDirName": "New Order",
              "slug": "/New Order/Get Reverse Order Reason List",
              "permalink": "/docs/New Order/Get Reverse Order Reason List",
              "draft": false,
              "editUrl": "https://github.com/facebook/docusaurus/tree/main/packages/create-docusaurus/templates/shared/docs/New Order/Get Reverse Order Reason List.md",
              "tags": [],
              "version": "current",
              "frontMatter": {},
              "sidebar": "tutorialSidebar",
              "previous": {
                "title": "Get Reverse Order History List",
                "permalink": "/docs/New Order/Get Reverse Order History List"
              },
              "next": {
                "title": "Get Seller Metrics By ID",
                "permalink": "/docs/New Order/Get Seller Metrics By ID"
              }
            },
            {
              "unversionedId": "New Order/Get Seller Metrics By ID",
              "id": "New Order/Get Seller Metrics By ID",
              "title": "Get Seller Metrics By ID",
              "description": "",
              "source": "@site/docs/New Order/Get Seller Metrics By ID.md",
              "sourceDirName": "New Order",
              "slug": "/New Order/Get Seller Metrics By ID",
              "permalink": "/docs/New Order/Get Seller Metrics By ID",
              "draft": false,
              "editUrl": "https://github.com/facebook/docusaurus/tree/main/packages/create-docusaurus/templates/shared/docs/New Order/Get Seller Metrics By ID.md",
              "tags": [],
              "version": "current",
              "frontMatter": {},
              "sidebar": "tutorialSidebar",
              "previous": {
                "title": "Get Reverse Order Reason List",
                "permalink": "/docs/New Order/Get Reverse Order Reason List"
              },
              "next": {
                "title": "Get Seller Performance",
                "permalink": "/docs/New Order/Get Seller Performance"
              }
            },
            {
              "unversionedId": "New Order/Get Seller Performance",
              "id": "New Order/Get Seller Performance",
              "title": "Get Seller Performance",
              "description": "",
              "source": "@site/docs/New Order/Get Seller Performance.md",
              "sourceDirName": "New Order",
              "slug": "/New Order/Get Seller Performance",
              "permalink": "/docs/New Order/Get Seller Performance",
              "draft": false,
              "editUrl": "https://github.com/facebook/docusaurus/tree/main/packages/create-docusaurus/templates/shared/docs/New Order/Get Seller Performance.md",
              "tags": [],
              "version": "current",
              "frontMatter": {},
              "sidebar": "tutorialSidebar",
              "previous": {
                "title": "Get Seller Metrics By ID",
                "permalink": "/docs/New Order/Get Seller Metrics By ID"
              },
              "next": {
                "title": "Get Shipment Providers",
                "permalink": "/docs/New Order/Get Shipment Providers"
              }
            },
            {
              "unversionedId": "New Order/Get Shipment Providers",
              "id": "New Order/Get Shipment Providers",
              "title": "Get Shipment Providers",
              "description": "",
              "source": "@site/docs/New Order/Get Shipment Providers.md",
              "sourceDirName": "New Order",
              "slug": "/New Order/Get Shipment Providers",
              "permalink": "/docs/New Order/Get Shipment Providers",
              "draft": false,
              "editUrl": "https://github.com/facebook/docusaurus/tree/main/packages/create-docusaurus/templates/shared/docs/New Order/Get Shipment Providers.md",
              "tags": [],
              "version": "current",
              "frontMatter": {},
              "sidebar": "tutorialSidebar",
              "previous": {
                "title": "Get Seller Performance",
                "permalink": "/docs/New Order/Get Seller Performance"
              },
              "next": {
                "title": "Get Transaction Details",
                "permalink": "/docs/New Order/Get Transaction Details"
              }
            },
            {
              "unversionedId": "New Order/Get Transaction Details",
              "id": "New Order/Get Transaction Details",
              "title": "Get Transaction Details",
              "description": "",
              "source": "@site/docs/New Order/Get Transaction Details.md",
              "sourceDirName": "New Order",
              "slug": "/New Order/Get Transaction Details",
              "permalink": "/docs/New Order/Get Transaction Details",
              "draft": false,
              "editUrl": "https://github.com/facebook/docusaurus/tree/main/packages/create-docusaurus/templates/shared/docs/New Order/Get Transaction Details.md",
              "tags": [],
              "version": "current",
              "frontMatter": {},
              "sidebar": "tutorialSidebar",
              "previous": {
                "title": "Get Shipment Providers",
                "permalink": "/docs/New Order/Get Shipment Providers"
              },
              "next": {
                "title": "Query Transaction Details",
                "permalink": "/docs/New Order/Query Transaction Details"
              }
            },
            {
              "unversionedId": "New Order/Query Transaction Details",
              "id": "New Order/Query Transaction Details",
              "title": "Query Transaction Details",
              "description": "",
              "source": "@site/docs/New Order/Query Transaction Details.md",
              "sourceDirName": "New Order",
              "slug": "/New Order/Query Transaction Details",
              "permalink": "/docs/New Order/Query Transaction Details",
              "draft": false,
              "editUrl": "https://github.com/facebook/docusaurus/tree/main/packages/create-docusaurus/templates/shared/docs/New Order/Query Transaction Details.md",
              "tags": [],
              "version": "current",
              "frontMatter": {},
              "sidebar": "tutorialSidebar",
              "previous": {
                "title": "Get Transaction Details",
                "permalink": "/docs/New Order/Get Transaction Details"
              },
              "next": {
                "title": "Reverse Order Return Update",
                "permalink": "/docs/New Order/Reverse Order Return Update"
              }
            },
            {
              "unversionedId": "New Order/Reverse Order Return Update",
              "id": "New Order/Reverse Order Return Update",
              "title": "Reverse Order Return Update",
              "description": "",
              "source": "@site/docs/New Order/Reverse Order Return Update.md",
              "sourceDirName": "New Order",
              "slug": "/New Order/Reverse Order Return Update",
              "permalink": "/docs/New Order/Reverse Order Return Update",
              "draft": false,
              "editUrl": "https://github.com/facebook/docusaurus/tree/main/packages/create-docusaurus/templates/shared/docs/New Order/Reverse Order Return Update.md",
              "tags": [],
              "version": "current",
              "frontMatter": {},
              "sidebar": "tutorialSidebar",
              "previous": {
                "title": "Query Transaction Details",
                "permalink": "/docs/New Order/Query Transaction Details"
              },
              "next": {
                "title": "Set SOF order status to being delivered",
                "permalink": "/docs/New Order/Set SOF order status to being delivered"
              }
            },
            {
              "unversionedId": "New Order/Set order status to canceled",
              "id": "New Order/Set order status to canceled",
              "title": "Set order status to canceled",
              "description": "",
              "source": "@site/docs/New Order/Set order status to canceled.md",
              "sourceDirName": "New Order",
              "slug": "/New Order/Set order status to canceled",
              "permalink": "/docs/New Order/Set order status to canceled",
              "draft": false,
              "editUrl": "https://github.com/facebook/docusaurus/tree/main/packages/create-docusaurus/templates/shared/docs/New Order/Set order status to canceled.md",
              "tags": [],
              "version": "current",
              "frontMatter": {},
              "sidebar": "tutorialSidebar",
              "previous": {
                "title": "Set order status to Ready to Ship",
                "permalink": "/docs/New Order/Set order status to Ready to Ship"
              },
              "next": {
                "title": "Submit Seller Reply",
                "permalink": "/docs/New Order/Submit Seller Reply"
              }
            },
            {
              "unversionedId": "New Order/Set order status to Packed",
              "id": "New Order/Set order status to Packed",
              "title": "Set order status to Packed",
              "description": "",
              "source": "@site/docs/New Order/Set order status to Packed.md",
              "sourceDirName": "New Order",
              "slug": "/New Order/Set order status to Packed",
              "permalink": "/docs/New Order/Set order status to Packed",
              "draft": false,
              "editUrl": "https://github.com/facebook/docusaurus/tree/main/packages/create-docusaurus/templates/shared/docs/New Order/Set order status to Packed.md",
              "tags": [],
              "version": "current",
              "frontMatter": {},
              "sidebar": "tutorialSidebar",
              "previous": {
                "title": "Set SOF order status to being delivered",
                "permalink": "/docs/New Order/Set SOF order status to being delivered"
              },
              "next": {
                "title": "Set order status to Ready to Ship",
                "permalink": "/docs/New Order/Set order status to Ready to Ship"
              }
            },
            {
              "unversionedId": "New Order/Set order status to Ready to Ship",
              "id": "New Order/Set order status to Ready to Ship",
              "title": "Set order status to Ready to Ship",
              "description": "",
              "source": "@site/docs/New Order/Set order status to Ready to Ship.md",
              "sourceDirName": "New Order",
              "slug": "/New Order/Set order status to Ready to Ship",
              "permalink": "/docs/New Order/Set order status to Ready to Ship",
              "draft": false,
              "editUrl": "https://github.com/facebook/docusaurus/tree/main/packages/create-docusaurus/templates/shared/docs/New Order/Set order status to Ready to Ship.md",
              "tags": [],
              "version": "current",
              "frontMatter": {},
              "sidebar": "tutorialSidebar",
              "previous": {
                "title": "Set order status to Packed",
                "permalink": "/docs/New Order/Set order status to Packed"
              },
              "next": {
                "title": "Set order status to canceled",
                "permalink": "/docs/New Order/Set order status to canceled"
              }
            },
            {
              "unversionedId": "New Order/Set SOF order status to being delivered",
              "id": "New Order/Set SOF order status to being delivered",
              "title": "Set SOF order status to being delivered",
              "description": "",
              "source": "@site/docs/New Order/Set SOF order status to being delivered.md",
              "sourceDirName": "New Order",
              "slug": "/New Order/Set SOF order status to being delivered",
              "permalink": "/docs/New Order/Set SOF order status to being delivered",
              "draft": false,
              "editUrl": "https://github.com/facebook/docusaurus/tree/main/packages/create-docusaurus/templates/shared/docs/New Order/Set SOF order status to being delivered.md",
              "tags": [],
              "version": "current",
              "frontMatter": {},
              "sidebar": "tutorialSidebar",
              "previous": {
                "title": "Reverse Order Return Update",
                "permalink": "/docs/New Order/Reverse Order Return Update"
              },
              "next": {
                "title": "Set order status to Packed",
                "permalink": "/docs/New Order/Set order status to Packed"
              }
            },
            {
              "unversionedId": "New Order/Submit Seller Reply",
              "id": "New Order/Submit Seller Reply",
              "title": "Submit Seller Reply",
              "description": "",
              "source": "@site/docs/New Order/Submit Seller Reply.md",
              "sourceDirName": "New Order",
              "slug": "/New Order/Submit Seller Reply",
              "permalink": "/docs/New Order/Submit Seller Reply",
              "draft": false,
              "editUrl": "https://github.com/facebook/docusaurus/tree/main/packages/create-docusaurus/templates/shared/docs/New Order/Submit Seller Reply.md",
              "tags": [],
              "version": "current",
              "frontMatter": {},
              "sidebar": "tutorialSidebar",
              "previous": {
                "title": "Set order status to canceled",
                "permalink": "/docs/New Order/Set order status to canceled"
              },
              "next": {
                "title": "Update Price Quantity",
                "permalink": "/docs/New Order/Update Price Quantity"
              }
            },
            {
              "unversionedId": "New Order/Update Price Quantity",
              "id": "New Order/Update Price Quantity",
              "title": "Update Price Quantity",
              "description": "",
              "source": "@site/docs/New Order/Update Price Quantity.md",
              "sourceDirName": "New Order",
              "slug": "/New Order/Update Price Quantity",
              "permalink": "/docs/New Order/Update Price Quantity",
              "draft": false,
              "editUrl": "https://github.com/facebook/docusaurus/tree/main/packages/create-docusaurus/templates/shared/docs/New Order/Update Price Quantity.md",
              "tags": [],
              "version": "current",
              "frontMatter": {},
              "sidebar": "tutorialSidebar",
              "previous": {
                "title": "Submit Seller Reply",
                "permalink": "/docs/New Order/Submit Seller Reply"
              },
              "next": {
                "title": "Voucher Activate",
                "permalink": "/docs/New Order/Voucher Activate"
              }
            },
            {
              "unversionedId": "New Order/Voucher Activate",
              "id": "New Order/Voucher Activate",
              "title": "Voucher Activate",
              "description": "",
              "source": "@site/docs/New Order/Voucher Activate.md",
              "sourceDirName": "New Order",
              "slug": "/New Order/Voucher Activate",
              "permalink": "/docs/New Order/Voucher Activate",
              "draft": false,
              "editUrl": "https://github.com/facebook/docusaurus/tree/main/packages/create-docusaurus/templates/shared/docs/New Order/Voucher Activate.md",
              "tags": [],
              "version": "current",
              "frontMatter": {},
              "sidebar": "tutorialSidebar",
              "previous": {
                "title": "Update Price Quantity",
                "permalink": "/docs/New Order/Update Price Quantity"
              },
              "next": {
                "title": "Voucher Create",
                "permalink": "/docs/New Order/Voucher Create"
              }
            },
            {
              "unversionedId": "New Order/Voucher Create",
              "id": "New Order/Voucher Create",
              "title": "Voucher Create",
              "description": "",
              "source": "@site/docs/New Order/Voucher Create.md",
              "sourceDirName": "New Order",
              "slug": "/New Order/Voucher Create",
              "permalink": "/docs/New Order/Voucher Create",
              "draft": false,
              "editUrl": "https://github.com/facebook/docusaurus/tree/main/packages/create-docusaurus/templates/shared/docs/New Order/Voucher Create.md",
              "tags": [],
              "version": "current",
              "frontMatter": {},
              "sidebar": "tutorialSidebar",
              "previous": {
                "title": "Voucher Activate",
                "permalink": "/docs/New Order/Voucher Activate"
              },
              "next": {
                "title": "Voucher Deactivate",
                "permalink": "/docs/New Order/Voucher Deactivate"
              }
            },
            {
              "unversionedId": "New Order/Voucher Deactivate",
              "id": "New Order/Voucher Deactivate",
              "title": "Voucher Deactivate",
              "description": "",
              "source": "@site/docs/New Order/Voucher Deactivate.md",
              "sourceDirName": "New Order",
              "slug": "/New Order/Voucher Deactivate",
              "permalink": "/docs/New Order/Voucher Deactivate",
              "draft": false,
              "editUrl": "https://github.com/facebook/docusaurus/tree/main/packages/create-docusaurus/templates/shared/docs/New Order/Voucher Deactivate.md",
              "tags": [],
              "version": "current",
              "frontMatter": {},
              "sidebar": "tutorialSidebar",
              "previous": {
                "title": "Voucher Create",
                "permalink": "/docs/New Order/Voucher Create"
              },
              "next": {
                "title": "Voucher Detail query",
                "permalink": "/docs/New Order/Voucher Detail query"
              }
            },
            {
              "unversionedId": "New Order/Voucher Detail query",
              "id": "New Order/Voucher Detail query",
              "title": "Voucher Detail query",
              "description": "",
              "source": "@site/docs/New Order/Voucher Detail query.md",
              "sourceDirName": "New Order",
              "slug": "/New Order/Voucher Detail query",
              "permalink": "/docs/New Order/Voucher Detail query",
              "draft": false,
              "editUrl": "https://github.com/facebook/docusaurus/tree/main/packages/create-docusaurus/templates/shared/docs/New Order/Voucher Detail query.md",
              "tags": [],
              "version": "current",
              "frontMatter": {},
              "sidebar": "tutorialSidebar",
              "previous": {
                "title": "Voucher Deactivate",
                "permalink": "/docs/New Order/Voucher Deactivate"
              },
              "next": {
                "title": "Voucher List",
                "permalink": "/docs/New Order/Voucher List"
              }
            },
            {
              "unversionedId": "New Order/Voucher List",
              "id": "New Order/Voucher List",
              "title": "Voucher List",
              "description": "",
              "source": "@site/docs/New Order/Voucher List.md",
              "sourceDirName": "New Order",
              "slug": "/New Order/Voucher List",
              "permalink": "/docs/New Order/Voucher List",
              "draft": false,
              "editUrl": "https://github.com/facebook/docusaurus/tree/main/packages/create-docusaurus/templates/shared/docs/New Order/Voucher List.md",
              "tags": [],
              "version": "current",
              "frontMatter": {},
              "sidebar": "tutorialSidebar",
              "previous": {
                "title": "Voucher Detail query",
                "permalink": "/docs/New Order/Voucher Detail query"
              },
              "next": {
                "title": "Order Update Status",
                "permalink": "/docs/category/order-update-status"
              }
            },
            {
              "unversionedId": "Order Update Status/Get Payout Status",
              "id": "Order Update Status/Get Payout Status",
              "title": "Get Payout Status",
              "description": "Use this API to get the list of items for a single order.",
              "source": "@site/docs/Order Update Status/Get Payout Status.md",
              "sourceDirName": "Order Update Status",
              "slug": "/Order Update Status/Get Payout Status",
              "permalink": "/docs/Order Update Status/Get Payout Status",
              "draft": false,
              "editUrl": "https://github.com/facebook/docusaurus/tree/main/packages/create-docusaurus/templates/shared/docs/Order Update Status/Get Payout Status.md",
              "tags": [],
              "version": "current",
              "frontMatter": {},
              "sidebar": "tutorialSidebar",
              "previous": {
                "title": "Order Update Status",
                "permalink": "/docs/category/order-update-status"
              },
              "next": {
                "title": "Tutorial - Extras",
                "permalink": "/docs/category/tutorial---extras"
              }
            },
            {
              "unversionedId": "tutorial-basics/congratulations",
              "id": "tutorial-basics/congratulations",
              "title": "Congratulations!",
              "description": "You have just learned the basics of Docusaurus and made some changes to the initial template.",
              "source": "@site/docs/tutorial-basics/congratulations.md",
              "sourceDirName": "tutorial-basics",
              "slug": "/tutorial-basics/congratulations",
              "permalink": "/docs/tutorial-basics/congratulations",
              "draft": false,
              "editUrl": "https://github.com/facebook/docusaurus/tree/main/packages/create-docusaurus/templates/shared/docs/tutorial-basics/congratulations.md",
              "tags": [],
              "version": "current",
              "sidebarPosition": 6,
              "frontMatter": {
                "sidebar_position": 6
              },
              "sidebar": "tutorialSidebar",
              "previous": {
                "title": "Deploy your site",
                "permalink": "/docs/tutorial-basics/deploy-your-site"
              },
              "next": {
                "title": "New Order",
                "permalink": "/docs/category/new-order"
              }
            },
            {
              "unversionedId": "tutorial-basics/create-a-blog-post",
              "id": "tutorial-basics/create-a-blog-post",
              "title": "Create a Blog Post",
              "description": "Docusaurus creates a page for each blog post, but also a blog index page, a tag system, an RSS feed...",
              "source": "@site/docs/tutorial-basics/create-a-blog-post.md",
              "sourceDirName": "tutorial-basics",
              "slug": "/tutorial-basics/create-a-blog-post",
              "permalink": "/docs/tutorial-basics/create-a-blog-post",
              "draft": false,
              "editUrl": "https://github.com/facebook/docusaurus/tree/main/packages/create-docusaurus/templates/shared/docs/tutorial-basics/create-a-blog-post.md",
              "tags": [],
              "version": "current",
              "sidebarPosition": 3,
              "frontMatter": {
                "sidebar_position": 3
              },
              "sidebar": "tutorialSidebar",
              "previous": {
                "title": "Create a Document",
                "permalink": "/docs/tutorial-basics/create-a-document"
              },
              "next": {
                "title": "Markdown Features",
                "permalink": "/docs/tutorial-basics/markdown-features"
              }
            },
            {
              "unversionedId": "tutorial-basics/create-a-document",
              "id": "tutorial-basics/create-a-document",
              "title": "Create a Document",
              "description": "Documents are groups of pages connected through:",
              "source": "@site/docs/tutorial-basics/create-a-document.md",
              "sourceDirName": "tutorial-basics",
              "slug": "/tutorial-basics/create-a-document",
              "permalink": "/docs/tutorial-basics/create-a-document",
              "draft": false,
              "editUrl": "https://github.com/facebook/docusaurus/tree/main/packages/create-docusaurus/templates/shared/docs/tutorial-basics/create-a-document.md",
              "tags": [],
              "version": "current",
              "sidebarPosition": 2,
              "frontMatter": {
                "sidebar_position": 2
              },
              "sidebar": "tutorialSidebar",
              "previous": {
                "title": "Create a Page",
                "permalink": "/docs/tutorial-basics/create-a-page"
              },
              "next": {
                "title": "Create a Blog Post",
                "permalink": "/docs/tutorial-basics/create-a-blog-post"
              }
            },
            {
              "unversionedId": "tutorial-basics/create-a-page",
              "id": "tutorial-basics/create-a-page",
              "title": "Create a Page",
              "description": "Add Markdown or React files to src/pages to create a standalone page:",
              "source": "@site/docs/tutorial-basics/create-a-page.md",
              "sourceDirName": "tutorial-basics",
              "slug": "/tutorial-basics/create-a-page",
              "permalink": "/docs/tutorial-basics/create-a-page",
              "draft": false,
              "editUrl": "https://github.com/facebook/docusaurus/tree/main/packages/create-docusaurus/templates/shared/docs/tutorial-basics/create-a-page.md",
              "tags": [],
              "version": "current",
              "sidebarPosition": 1,
              "frontMatter": {
                "sidebar_position": 1
              },
              "sidebar": "tutorialSidebar",
              "previous": {
                "title": "Tutorial - Basics",
                "permalink": "/docs/category/tutorial---basics"
              },
              "next": {
                "title": "Create a Document",
                "permalink": "/docs/tutorial-basics/create-a-document"
              }
            },
            {
              "unversionedId": "tutorial-basics/deploy-your-site",
              "id": "tutorial-basics/deploy-your-site",
              "title": "Deploy your site",
              "description": "Docusaurus is a static-site-generator (also called Jamstack).",
              "source": "@site/docs/tutorial-basics/deploy-your-site.md",
              "sourceDirName": "tutorial-basics",
              "slug": "/tutorial-basics/deploy-your-site",
              "permalink": "/docs/tutorial-basics/deploy-your-site",
              "draft": false,
              "editUrl": "https://github.com/facebook/docusaurus/tree/main/packages/create-docusaurus/templates/shared/docs/tutorial-basics/deploy-your-site.md",
              "tags": [],
              "version": "current",
              "sidebarPosition": 5,
              "frontMatter": {
                "sidebar_position": 5
              },
              "sidebar": "tutorialSidebar",
              "previous": {
                "title": "Markdown Features",
                "permalink": "/docs/tutorial-basics/markdown-features"
              },
              "next": {
                "title": "Congratulations!",
                "permalink": "/docs/tutorial-basics/congratulations"
              }
            },
            {
              "unversionedId": "tutorial-basics/markdown-features",
              "id": "tutorial-basics/markdown-features",
              "title": "Markdown Features",
              "description": "Docusaurus supports Markdown and a few additional features.",
              "source": "@site/docs/tutorial-basics/markdown-features.mdx",
              "sourceDirName": "tutorial-basics",
              "slug": "/tutorial-basics/markdown-features",
              "permalink": "/docs/tutorial-basics/markdown-features",
              "draft": false,
              "editUrl": "https://github.com/facebook/docusaurus/tree/main/packages/create-docusaurus/templates/shared/docs/tutorial-basics/markdown-features.mdx",
              "tags": [],
              "version": "current",
              "sidebarPosition": 4,
              "frontMatter": {
                "sidebar_position": 4
              },
              "sidebar": "tutorialSidebar",
              "previous": {
                "title": "Create a Blog Post",
                "permalink": "/docs/tutorial-basics/create-a-blog-post"
              },
              "next": {
                "title": "Deploy your site",
                "permalink": "/docs/tutorial-basics/deploy-your-site"
              }
            },
            {
              "unversionedId": "tutorial-extras/manage-docs-versions",
              "id": "tutorial-extras/manage-docs-versions",
              "title": "Manage Docs Versions",
              "description": "Docusaurus can manage multiple versions of your docs.",
              "source": "@site/docs/tutorial-extras/manage-docs-versions.md",
              "sourceDirName": "tutorial-extras",
              "slug": "/tutorial-extras/manage-docs-versions",
              "permalink": "/docs/tutorial-extras/manage-docs-versions",
              "draft": false,
              "editUrl": "https://github.com/facebook/docusaurus/tree/main/packages/create-docusaurus/templates/shared/docs/tutorial-extras/manage-docs-versions.md",
              "tags": [],
              "version": "current",
              "sidebarPosition": 1,
              "frontMatter": {
                "sidebar_position": 1
              },
              "sidebar": "tutorialSidebar",
              "previous": {
                "title": "Tutorial - Extras",
                "permalink": "/docs/category/tutorial---extras"
              },
              "next": {
                "title": "Translate your site",
                "permalink": "/docs/tutorial-extras/translate-your-site"
              }
            },
            {
              "unversionedId": "tutorial-extras/translate-your-site",
              "id": "tutorial-extras/translate-your-site",
              "title": "Translate your site",
              "description": "Let's translate docs/intro.md to French.",
              "source": "@site/docs/tutorial-extras/translate-your-site.md",
              "sourceDirName": "tutorial-extras",
              "slug": "/tutorial-extras/translate-your-site",
              "permalink": "/docs/tutorial-extras/translate-your-site",
              "draft": false,
              "editUrl": "https://github.com/facebook/docusaurus/tree/main/packages/create-docusaurus/templates/shared/docs/tutorial-extras/translate-your-site.md",
              "tags": [],
              "version": "current",
              "sidebarPosition": 2,
              "frontMatter": {
                "sidebar_position": 2
              },
              "sidebar": "tutorialSidebar",
              "previous": {
                "title": "Manage Docs Versions",
                "permalink": "/docs/tutorial-extras/manage-docs-versions"
              }
            }
          ],
          "drafts": [],
          "sidebars": {
            "tutorialSidebar": [
              {
                "type": "doc",
                "id": "intro"
              },
              {
                "type": "category",
                "label": "Tutorial - Basics",
                "collapsible": true,
                "collapsed": true,
                "items": [
                  {
                    "type": "doc",
                    "id": "tutorial-basics/create-a-page"
                  },
                  {
                    "type": "doc",
                    "id": "tutorial-basics/create-a-document"
                  },
                  {
                    "type": "doc",
                    "id": "tutorial-basics/create-a-blog-post"
                  },
                  {
                    "type": "doc",
                    "id": "tutorial-basics/markdown-features"
                  },
                  {
                    "type": "doc",
                    "id": "tutorial-basics/deploy-your-site"
                  },
                  {
                    "type": "doc",
                    "id": "tutorial-basics/congratulations"
                  }
                ],
                "link": {
                  "type": "generated-index",
                  "description": "5 minutes to learn the most important Docusaurus concepts.",
                  "slug": "/category/tutorial---basics",
                  "permalink": "/docs/category/tutorial---basics"
                }
              },
              {
                "type": "category",
                "label": "New Order",
                "collapsible": true,
                "collapsed": true,
                "items": [
                  {
                    "type": "doc",
                    "id": "New Order/Get Document PDF"
                  },
                  {
                    "type": "doc",
                    "id": "New Order/Get Document"
                  },
                  {
                    "type": "doc",
                    "id": "New Order/Get Order Items"
                  },
                  {
                    "type": "doc",
                    "id": "New Order/Get Order"
                  },
                  {
                    "type": "doc",
                    "id": "New Order/Get Orders"
                  },
                  {
                    "type": "doc",
                    "id": "New Order/Get Payout Status"
                  },
                  {
                    "type": "doc",
                    "id": "New Order/Get Product Review List"
                  },
                  {
                    "type": "doc",
                    "id": "New Order/Get Products Item"
                  },
                  {
                    "type": "doc",
                    "id": "New Order/Get Products"
                  },
                  {
                    "type": "doc",
                    "id": "New Order/Get Reverse Order Detail"
                  },
                  {
                    "type": "doc",
                    "id": "New Order/Get Reverse Order For Seller"
                  },
                  {
                    "type": "doc",
                    "id": "New Order/Get Reverse Order History List"
                  },
                  {
                    "type": "doc",
                    "id": "New Order/Get Reverse Order Reason List"
                  },
                  {
                    "type": "doc",
                    "id": "New Order/Get Seller Metrics By ID"
                  },
                  {
                    "type": "doc",
                    "id": "New Order/Get Seller Performance"
                  },
                  {
                    "type": "doc",
                    "id": "New Order/Get Shipment Providers"
                  },
                  {
                    "type": "doc",
                    "id": "New Order/Get Transaction Details"
                  },
                  {
                    "type": "doc",
                    "id": "New Order/Query Transaction Details"
                  },
                  {
                    "type": "doc",
                    "id": "New Order/Reverse Order Return Update"
                  },
                  {
                    "type": "doc",
                    "id": "New Order/Set SOF order status to being delivered"
                  },
                  {
                    "type": "doc",
                    "id": "New Order/Set order status to Packed"
                  },
                  {
                    "type": "doc",
                    "id": "New Order/Set order status to Ready to Ship"
                  },
                  {
                    "type": "doc",
                    "id": "New Order/Set order status to canceled"
                  },
                  {
                    "type": "doc",
                    "id": "New Order/Submit Seller Reply"
                  },
                  {
                    "type": "doc",
                    "id": "New Order/Update Price Quantity"
                  },
                  {
                    "type": "doc",
                    "id": "New Order/Voucher Activate"
                  },
                  {
                    "type": "doc",
                    "id": "New Order/Voucher Create"
                  },
                  {
                    "type": "doc",
                    "id": "New Order/Voucher Deactivate"
                  },
                  {
                    "type": "doc",
                    "id": "New Order/Voucher Detail query"
                  },
                  {
                    "type": "doc",
                    "id": "New Order/Voucher List"
                  }
                ],
                "link": {
                  "type": "generated-index",
                  "slug": "/category/new-order",
                  "permalink": "/docs/category/new-order"
                }
              },
              {
                "type": "category",
                "label": "Order Update Status",
                "collapsible": true,
                "collapsed": true,
                "items": [
                  {
                    "type": "doc",
                    "id": "Order Update Status/Get Payout Status"
                  }
                ],
                "link": {
                  "type": "generated-index",
                  "slug": "/category/order-update-status",
                  "permalink": "/docs/category/order-update-status"
                }
              },
              {
                "type": "category",
                "label": "Tutorial - Extras",
                "collapsible": true,
                "collapsed": true,
                "items": [
                  {
                    "type": "doc",
                    "id": "tutorial-extras/manage-docs-versions"
                  },
                  {
                    "type": "doc",
                    "id": "tutorial-extras/translate-your-site"
                  }
                ],
                "link": {
                  "type": "generated-index",
                  "slug": "/category/tutorial---extras",
                  "permalink": "/docs/category/tutorial---extras"
                }
              }
            ]
          }
        }
      ]
    }
  },
  "docusaurus-plugin-content-blog": {
    "default": {
      "blogSidebarTitle": "Recent posts",
      "blogPosts": [
        {
          "id": "welcome",
          "metadata": {
            "permalink": "/blog/welcome",
            "editUrl": "https://github.com/facebook/docusaurus/tree/main/packages/create-docusaurus/templates/shared/blog/2021-08-26-welcome/index.md",
            "source": "@site/blog/2021-08-26-welcome/index.md",
            "title": "Welcome",
            "description": "Docusaurus blogging features are powered by the blog plugin.",
            "date": "2021-08-26T00:00:00.000Z",
            "formattedDate": "August 26, 2021",
            "tags": [
              {
                "label": "facebook",
                "permalink": "/blog/tags/facebook"
              },
              {
                "label": "hello",
                "permalink": "/blog/tags/hello"
              },
              {
                "label": "docusaurus",
                "permalink": "/blog/tags/docusaurus"
              }
            ],
            "readingTime": 0.405,
            "truncated": false,
            "authors": [
              {
                "name": "Sébastien Lorber",
                "title": "Docusaurus maintainer",
                "url": "https://sebastienlorber.com",
                "imageURL": "https://github.com/slorber.png",
                "key": "slorber"
              },
              {
                "name": "Yangshun Tay",
                "title": "Front End Engineer @ Facebook",
                "url": "https://github.com/yangshun",
                "imageURL": "https://github.com/yangshun.png",
                "key": "yangshun"
              }
            ],
            "frontMatter": {
              "slug": "welcome",
              "title": "Welcome",
              "authors": [
                "slorber",
                "yangshun"
              ],
              "tags": [
                "facebook",
                "hello",
                "docusaurus"
              ]
            },
            "nextItem": {
              "title": "MDX Blog Post",
              "permalink": "/blog/mdx-blog-post"
            }
          },
          "content": "[Docusaurus blogging features](https://docusaurus.io/docs/blog) are powered by the [blog plugin](https://docusaurus.io/docs/api/plugins/@docusaurus/plugin-content-blog).\n\nSimply add Markdown files (or folders) to the `blog` directory.\n\nRegular blog authors can be added to `authors.yml`.\n\nThe blog post date can be extracted from filenames, such as:\n\n- `2019-05-30-welcome.md`\n- `2019-05-30-welcome/index.md`\n\nA blog post folder can be convenient to co-locate blog post images:\n\n![Docusaurus Plushie](./docusaurus-plushie-banner.jpeg)\n\nThe blog supports tags as well!\n\n**And if you don't want a blog**: just delete this directory, and use `blog: false` in your Docusaurus config."
        },
        {
          "id": "mdx-blog-post",
          "metadata": {
            "permalink": "/blog/mdx-blog-post",
            "editUrl": "https://github.com/facebook/docusaurus/tree/main/packages/create-docusaurus/templates/shared/blog/2021-08-01-mdx-blog-post.mdx",
            "source": "@site/blog/2021-08-01-mdx-blog-post.mdx",
            "title": "MDX Blog Post",
            "description": "Blog posts support Docusaurus Markdown features, such as MDX.",
            "date": "2021-08-01T00:00:00.000Z",
            "formattedDate": "August 1, 2021",
            "tags": [
              {
                "label": "docusaurus",
                "permalink": "/blog/tags/docusaurus"
              }
            ],
            "readingTime": 0.175,
            "truncated": false,
            "authors": [
              {
                "name": "Sébastien Lorber",
                "title": "Docusaurus maintainer",
                "url": "https://sebastienlorber.com",
                "imageURL": "https://github.com/slorber.png",
                "key": "slorber"
              }
            ],
            "frontMatter": {
              "slug": "mdx-blog-post",
              "title": "MDX Blog Post",
              "authors": [
                "slorber"
              ],
              "tags": [
                "docusaurus"
              ]
            },
            "prevItem": {
              "title": "Welcome",
              "permalink": "/blog/welcome"
            },
            "nextItem": {
              "title": "Long Blog Post",
              "permalink": "/blog/long-blog-post"
            }
          },
          "content": "Blog posts support [Docusaurus Markdown features](https://docusaurus.io/docs/markdown-features), such as [MDX](https://mdxjs.com/).\n\n:::tip\n\nUse the power of React to create interactive blog posts.\n\n```js\n<button onClick={() => alert('button clicked!')}>Click me!</button>\n```\n\n<button onClick={() => alert('button clicked!')}>Click me!</button>\n\n:::"
        },
        {
          "id": "long-blog-post",
          "metadata": {
            "permalink": "/blog/long-blog-post",
            "editUrl": "https://github.com/facebook/docusaurus/tree/main/packages/create-docusaurus/templates/shared/blog/2019-05-29-long-blog-post.md",
            "source": "@site/blog/2019-05-29-long-blog-post.md",
            "title": "Long Blog Post",
            "description": "This is the summary of a very long blog post,",
            "date": "2019-05-29T00:00:00.000Z",
            "formattedDate": "May 29, 2019",
            "tags": [
              {
                "label": "hello",
                "permalink": "/blog/tags/hello"
              },
              {
                "label": "docusaurus",
                "permalink": "/blog/tags/docusaurus"
              }
            ],
            "readingTime": 2.05,
            "truncated": true,
            "authors": [
              {
                "name": "Endilie Yacop Sucipto",
                "title": "Maintainer of Docusaurus",
                "url": "https://github.com/endiliey",
                "imageURL": "https://github.com/endiliey.png",
                "key": "endi"
              }
            ],
            "frontMatter": {
              "slug": "long-blog-post",
              "title": "Long Blog Post",
              "authors": "endi",
              "tags": [
                "hello",
                "docusaurus"
              ]
            },
            "prevItem": {
              "title": "MDX Blog Post",
              "permalink": "/blog/mdx-blog-post"
            },
            "nextItem": {
              "title": "First Blog Post",
              "permalink": "/blog/first-blog-post"
            }
          },
          "content": "This is the summary of a very long blog post,\n\nUse a `<!--` `truncate` `-->` comment to limit blog post size in the list view.\n\n<!--truncate-->\n\nLorem ipsum dolor sit amet, consectetur adipiscing elit. Pellentesque elementum dignissim ultricies. Fusce rhoncus ipsum tempor eros aliquam consequat. Lorem ipsum dolor sit amet\n\nLorem ipsum dolor sit amet, consectetur adipiscing elit. Pellentesque elementum dignissim ultricies. Fusce rhoncus ipsum tempor eros aliquam consequat. Lorem ipsum dolor sit amet\n\nLorem ipsum dolor sit amet, consectetur adipiscing elit. Pellentesque elementum dignissim ultricies. Fusce rhoncus ipsum tempor eros aliquam consequat. Lorem ipsum dolor sit amet\n\nLorem ipsum dolor sit amet, consectetur adipiscing elit. Pellentesque elementum dignissim ultricies. Fusce rhoncus ipsum tempor eros aliquam consequat. Lorem ipsum dolor sit amet\n\nLorem ipsum dolor sit amet, consectetur adipiscing elit. Pellentesque elementum dignissim ultricies. Fusce rhoncus ipsum tempor eros aliquam consequat. Lorem ipsum dolor sit amet\n\nLorem ipsum dolor sit amet, consectetur adipiscing elit. Pellentesque elementum dignissim ultricies. Fusce rhoncus ipsum tempor eros aliquam consequat. Lorem ipsum dolor sit amet\n\nLorem ipsum dolor sit amet, consectetur adipiscing elit. Pellentesque elementum dignissim ultricies. Fusce rhoncus ipsum tempor eros aliquam consequat. Lorem ipsum dolor sit amet\n\nLorem ipsum dolor sit amet, consectetur adipiscing elit. Pellentesque elementum dignissim ultricies. Fusce rhoncus ipsum tempor eros aliquam consequat. Lorem ipsum dolor sit amet\n\nLorem ipsum dolor sit amet, consectetur adipiscing elit. Pellentesque elementum dignissim ultricies. Fusce rhoncus ipsum tempor eros aliquam consequat. Lorem ipsum dolor sit amet\n\nLorem ipsum dolor sit amet, consectetur adipiscing elit. Pellentesque elementum dignissim ultricies. Fusce rhoncus ipsum tempor eros aliquam consequat. Lorem ipsum dolor sit amet\n\nLorem ipsum dolor sit amet, consectetur adipiscing elit. Pellentesque elementum dignissim ultricies. Fusce rhoncus ipsum tempor eros aliquam consequat. Lorem ipsum dolor sit amet\n\nLorem ipsum dolor sit amet, consectetur adipiscing elit. Pellentesque elementum dignissim ultricies. Fusce rhoncus ipsum tempor eros aliquam consequat. Lorem ipsum dolor sit amet\n\nLorem ipsum dolor sit amet, consectetur adipiscing elit. Pellentesque elementum dignissim ultricies. Fusce rhoncus ipsum tempor eros aliquam consequat. Lorem ipsum dolor sit amet\n\nLorem ipsum dolor sit amet, consectetur adipiscing elit. Pellentesque elementum dignissim ultricies. Fusce rhoncus ipsum tempor eros aliquam consequat. Lorem ipsum dolor sit amet\n\nLorem ipsum dolor sit amet, consectetur adipiscing elit. Pellentesque elementum dignissim ultricies. Fusce rhoncus ipsum tempor eros aliquam consequat. Lorem ipsum dolor sit amet\n\nLorem ipsum dolor sit amet, consectetur adipiscing elit. Pellentesque elementum dignissim ultricies. Fusce rhoncus ipsum tempor eros aliquam consequat. Lorem ipsum dolor sit amet"
        },
        {
          "id": "first-blog-post",
          "metadata": {
            "permalink": "/blog/first-blog-post",
            "editUrl": "https://github.com/facebook/docusaurus/tree/main/packages/create-docusaurus/templates/shared/blog/2019-05-28-first-blog-post.md",
            "source": "@site/blog/2019-05-28-first-blog-post.md",
            "title": "First Blog Post",
            "description": "Lorem ipsum dolor sit amet, consectetur adipiscing elit. Pellentesque elementum dignissim ultricies. Fusce rhoncus ipsum tempor eros aliquam consequat. Lorem ipsum dolor sit amet",
            "date": "2019-05-28T00:00:00.000Z",
            "formattedDate": "May 28, 2019",
            "tags": [
              {
                "label": "hola",
                "permalink": "/blog/tags/hola"
              },
              {
                "label": "docusaurus",
                "permalink": "/blog/tags/docusaurus"
              }
            ],
            "readingTime": 0.12,
            "truncated": false,
            "authors": [
              {
                "name": "Gao Wei",
                "title": "Docusaurus Core Team",
                "url": "https://github.com/wgao19",
                "image_url": "https://github.com/wgao19.png",
                "imageURL": "https://github.com/wgao19.png"
              }
            ],
            "frontMatter": {
              "slug": "first-blog-post",
              "title": "First Blog Post",
              "authors": {
                "name": "Gao Wei",
                "title": "Docusaurus Core Team",
                "url": "https://github.com/wgao19",
                "image_url": "https://github.com/wgao19.png",
                "imageURL": "https://github.com/wgao19.png"
              },
              "tags": [
                "hola",
                "docusaurus"
              ]
            },
            "prevItem": {
              "title": "Long Blog Post",
              "permalink": "/blog/long-blog-post"
            }
          },
          "content": "Lorem ipsum dolor sit amet, consectetur adipiscing elit. Pellentesque elementum dignissim ultricies. Fusce rhoncus ipsum tempor eros aliquam consequat. Lorem ipsum dolor sit amet"
        }
      ],
      "blogListPaginated": [
        {
          "items": [
            "welcome",
            "mdx-blog-post",
            "long-blog-post",
            "first-blog-post"
          ],
          "metadata": {
            "permalink": "/blog",
            "page": 1,
            "postsPerPage": 10,
            "totalPages": 1,
            "totalCount": 4,
            "blogDescription": "Blog",
            "blogTitle": "Blog"
          }
        }
      ],
      "blogTags": {
        "/blog/tags/facebook": {
          "label": "facebook",
          "items": [
            "welcome"
          ],
          "permalink": "/blog/tags/facebook",
          "pages": [
            {
              "items": [
                "welcome"
              ],
              "metadata": {
                "permalink": "/blog/tags/facebook",
                "page": 1,
                "postsPerPage": 10,
                "totalPages": 1,
                "totalCount": 1,
                "blogDescription": "Blog",
                "blogTitle": "Blog"
              }
            }
          ]
        },
        "/blog/tags/hello": {
          "label": "hello",
          "items": [
            "welcome",
            "long-blog-post"
          ],
          "permalink": "/blog/tags/hello",
          "pages": [
            {
              "items": [
                "welcome",
                "long-blog-post"
              ],
              "metadata": {
                "permalink": "/blog/tags/hello",
                "page": 1,
                "postsPerPage": 10,
                "totalPages": 1,
                "totalCount": 2,
                "blogDescription": "Blog",
                "blogTitle": "Blog"
              }
            }
          ]
        },
        "/blog/tags/docusaurus": {
          "label": "docusaurus",
          "items": [
            "welcome",
            "mdx-blog-post",
            "long-blog-post",
            "first-blog-post"
          ],
          "permalink": "/blog/tags/docusaurus",
          "pages": [
            {
              "items": [
                "welcome",
                "mdx-blog-post",
                "long-blog-post",
                "first-blog-post"
              ],
              "metadata": {
                "permalink": "/blog/tags/docusaurus",
                "page": 1,
                "postsPerPage": 10,
                "totalPages": 1,
                "totalCount": 4,
                "blogDescription": "Blog",
                "blogTitle": "Blog"
              }
            }
          ]
        },
        "/blog/tags/hola": {
          "label": "hola",
          "items": [
            "first-blog-post"
          ],
          "permalink": "/blog/tags/hola",
          "pages": [
            {
              "items": [
                "first-blog-post"
              ],
              "metadata": {
                "permalink": "/blog/tags/hola",
                "page": 1,
                "postsPerPage": 10,
                "totalPages": 1,
                "totalCount": 1,
                "blogDescription": "Blog",
                "blogTitle": "Blog"
              }
            }
          ]
        }
      },
      "blogTagsListPath": "/blog/tags"
    }
  },
  "docusaurus-plugin-content-pages": {
    "default": [
      {
        "type": "jsx",
        "permalink": "/",
        "source": "@site/src/pages/index.js"
      },
      {
        "type": "mdx",
        "permalink": "/markdown-page",
        "source": "@site/src/pages/markdown-page.md",
        "title": "Markdown page example",
        "description": "You don't need React to write simple standalone pages.",
        "frontMatter": {
          "title": "Markdown page example"
        }
      },
      {
        "type": "jsx",
        "permalink": "/my-react-page",
        "source": "@site/src/pages/my-react-page.js"
      }
    ]
  },
  "docusaurus-plugin-debug": {},
  "docusaurus-theme-classic": {},
  "docusaurus-bootstrap-plugin": {},
  "docusaurus-mdx-fallback-plugin": {}
}