{
  "unversionedId": "New Order/Get Order",
  "id": "New Order/Get Order",
  "title": "Get Order",
  "description": "",
  "source": "@site/docs/New Order/Get Order.md",
  "sourceDirName": "New Order",
  "slug": "/New Order/Get Order",
  "permalink": "/docs/New Order/Get Order",
  "draft": false,
  "editUrl": "https://github.com/facebook/docusaurus/tree/main/packages/create-docusaurus/templates/shared/docs/New Order/Get Order.md",
  "tags": [],
  "version": "current",
  "frontMatter": {},
  "sidebar": "tutorialSidebar",
  "previous": {
    "title": "Get Order Items",
    "permalink": "/docs/New Order/Get Order Items"
  },
  "next": {
    "title": "Get Orders",
    "permalink": "/docs/New Order/Get Orders"
  }
}