{
  "unversionedId": "Order API/Get Order",
  "id": "Order API/Get Order",
  "title": "Get Order",
  "description": "",
  "source": "@site/docs/Order API/Get Order.md",
  "sourceDirName": "Order API",
  "slug": "/Order API/Get Order",
  "permalink": "/docs/Order API/Get Order",
  "draft": false,
  "editUrl": "https://github.com/facebook/docusaurus/tree/main/packages/create-docusaurus/templates/shared/docs/Order API/Get Order.md",
  "tags": [],
  "version": "current",
  "frontMatter": {},
  "sidebar": "tutorialSidebar",
  "previous": {
    "title": "New Order",
    "permalink": "/docs/category/new-order"
  },
  "next": {
    "title": "Get Payout Status",
    "permalink": "/docs/Order API/Get Payout Status"
  }
}