{
  "unversionedId": "New Order/Reverse Order Return Update",
  "id": "New Order/Reverse Order Return Update",
  "title": "Reverse Order Return Update",
  "description": "",
  "source": "@site/docs/New Order/Reverse Order Return Update.md",
  "sourceDirName": "New Order",
  "slug": "/New Order/Reverse Order Return Update",
  "permalink": "/docs/New Order/Reverse Order Return Update",
  "draft": false,
  "editUrl": "https://github.com/facebook/docusaurus/tree/main/packages/create-docusaurus/templates/shared/docs/New Order/Reverse Order Return Update.md",
  "tags": [],
  "version": "current",
  "frontMatter": {},
  "sidebar": "tutorialSidebar",
  "previous": {
    "title": "Query Transaction Details",
    "permalink": "/docs/New Order/Query Transaction Details"
  },
  "next": {
    "title": "Set SOF order status to being delivered",
    "permalink": "/docs/New Order/Set SOF order status to being delivered"
  }
}