{
  "unversionedId": "Order Update Status/Get Payout Status",
  "id": "Order Update Status/Get Payout Status",
  "title": "Get Payout Status",
  "description": "Use this API to get the list of items for a single order.",
  "source": "@site/docs/Order Update Status/Get Payout Status.md",
  "sourceDirName": "Order Update Status",
  "slug": "/Order Update Status/Get Payout Status",
  "permalink": "/docs/Order Update Status/Get Payout Status",
  "draft": false,
  "editUrl": "https://github.com/facebook/docusaurus/tree/main/packages/create-docusaurus/templates/shared/docs/Order Update Status/Get Payout Status.md",
  "tags": [],
  "version": "current",
  "frontMatter": {},
  "sidebar": "tutorialSidebar",
  "previous": {
    "title": "Order Update Status",
    "permalink": "/docs/category/order-update-status"
  },
  "next": {
    "title": "Tutorial - Extras",
    "permalink": "/docs/category/tutorial---extras"
  }
}