{
  "unversionedId": "New Order/Get Products",
  "id": "New Order/Get Products",
  "title": "Get Products",
  "description": "",
  "source": "@site/docs/New Order/Get Products.md",
  "sourceDirName": "New Order",
  "slug": "/New Order/Get Products",
  "permalink": "/docs/New Order/Get Products",
  "draft": false,
  "editUrl": "https://github.com/facebook/docusaurus/tree/main/packages/create-docusaurus/templates/shared/docs/New Order/Get Products.md",
  "tags": [],
  "version": "current",
  "frontMatter": {},
  "sidebar": "tutorialSidebar",
  "previous": {
    "title": "Get Products Item",
    "permalink": "/docs/New Order/Get Products Item"
  },
  "next": {
    "title": "Get Reverse Order Detail",
    "permalink": "/docs/New Order/Get Reverse Order Detail"
  }
}