{
  "unversionedId": "Order-APi/1234",
  "id": "Order-APi/1234",
  "title": "Markdown 1234 page example",
  "description": "You don't need React to write simple standalone pages.",
  "source": "@site/docs/Order-APi/1234.md",
  "sourceDirName": "Order-APi",
  "slug": "/Order-APi/1234",
  "permalink": "/docs/Order-APi/1234",
  "draft": false,
  "editUrl": "https://github.com/facebook/docusaurus/tree/main/packages/create-docusaurus/templates/shared/docs/Order-APi/1234.md",
  "tags": [],
  "version": "current",
  "frontMatter": {
    "title": "Markdown 1234 page example"
  },
  "sidebar": "tutorialSidebar",
  "previous": {
    "title": "Translate your site",
    "permalink": "/docs/tutorial-extras/translate-your-site"
  }
}