{
  "unversionedId": "New Order/Set order status to Ready to Ship",
  "id": "New Order/Set order status to Ready to Ship",
  "title": "Set order status to Ready to Ship",
  "description": "",
  "source": "@site/docs/New Order/Set order status to Ready to Ship.md",
  "sourceDirName": "New Order",
  "slug": "/New Order/Set order status to Ready to Ship",
  "permalink": "/docs/New Order/Set order status to Ready to Ship",
  "draft": false,
  "editUrl": "https://github.com/facebook/docusaurus/tree/main/packages/create-docusaurus/templates/shared/docs/New Order/Set order status to Ready to Ship.md",
  "tags": [],
  "version": "current",
  "frontMatter": {},
  "sidebar": "tutorialSidebar",
  "previous": {
    "title": "Set order status to Packed",
    "permalink": "/docs/New Order/Set order status to Packed"
  },
  "next": {
    "title": "Set order status to canceled",
    "permalink": "/docs/New Order/Set order status to canceled"
  }
}