{
  "unversionedId": "New Order/Submit Seller Reply",
  "id": "New Order/Submit Seller Reply",
  "title": "Submit Seller Reply",
  "description": "",
  "source": "@site/docs/New Order/Submit Seller Reply.md",
  "sourceDirName": "New Order",
  "slug": "/New Order/Submit Seller Reply",
  "permalink": "/docs/New Order/Submit Seller Reply",
  "draft": false,
  "editUrl": "https://github.com/facebook/docusaurus/tree/main/packages/create-docusaurus/templates/shared/docs/New Order/Submit Seller Reply.md",
  "tags": [],
  "version": "current",
  "frontMatter": {},
  "sidebar": "tutorialSidebar",
  "previous": {
    "title": "Set order status to canceled",
    "permalink": "/docs/New Order/Set order status to canceled"
  },
  "next": {
    "title": "Update Price Quantity",
    "permalink": "/docs/New Order/Update Price Quantity"
  }
}