{
  "unversionedId": "New Order Detail/Get Payout Status",
  "id": "New Order Detail/Get Payout Status",
  "title": "Get Payout Status",
  "description": "Use this API to get the list of items for a single order.",
  "source": "@site/docs/New Order Detail/Get Payout Status.md",
  "sourceDirName": "New Order Detail",
  "slug": "/New Order Detail/Get Payout Status",
  "permalink": "/docs/New Order Detail/Get Payout Status",
  "draft": false,
  "editUrl": "https://github.com/facebook/docusaurus/tree/main/packages/create-docusaurus/templates/shared/docs/New Order Detail/Get Payout Status.md",
  "tags": [],
  "version": "current",
  "frontMatter": {},
  "sidebar": "tutorialSidebar",
  "previous": {
    "title": "Order Update Status",
    "permalink": "/docs/category/order-update-status"
  },
  "next": {
    "title": "Order Update Status",
    "permalink": "/docs/category/order-update-status-1"
  }
}