{
  "unversionedId": "New Order/Get Seller Metrics By ID",
  "id": "New Order/Get Seller Metrics By ID",
  "title": "Get Seller Metrics By ID",
  "description": "",
  "source": "@site/docs/New Order/Get Seller Metrics By ID.md",
  "sourceDirName": "New Order",
  "slug": "/New Order/Get Seller Metrics By ID",
  "permalink": "/docs/New Order/Get Seller Metrics By ID",
  "draft": false,
  "editUrl": "https://github.com/facebook/docusaurus/tree/main/packages/create-docusaurus/templates/shared/docs/New Order/Get Seller Metrics By ID.md",
  "tags": [],
  "version": "current",
  "frontMatter": {},
  "sidebar": "tutorialSidebar",
  "previous": {
    "title": "Get Reverse Order Reason List",
    "permalink": "/docs/New Order/Get Reverse Order Reason List"
  },
  "next": {
    "title": "Get Seller Performance",
    "permalink": "/docs/New Order/Get Seller Performance"
  }
}