{
  "unversionedId": "New Order/Get Transaction Details",
  "id": "New Order/Get Transaction Details",
  "title": "Get Transaction Details",
  "description": "",
  "source": "@site/docs/New Order/Get Transaction Details.md",
  "sourceDirName": "New Order",
  "slug": "/New Order/Get Transaction Details",
  "permalink": "/docs/New Order/Get Transaction Details",
  "draft": false,
  "editUrl": "https://github.com/facebook/docusaurus/tree/main/packages/create-docusaurus/templates/shared/docs/New Order/Get Transaction Details.md",
  "tags": [],
  "version": "current",
  "frontMatter": {},
  "sidebar": "tutorialSidebar",
  "previous": {
    "title": "Get Shipment Providers",
    "permalink": "/docs/New Order/Get Shipment Providers"
  },
  "next": {
    "title": "Query Transaction Details",
    "permalink": "/docs/New Order/Query Transaction Details"
  }
}