{
  "unversionedId": "Order API/Get Shipment Providers",
  "id": "Order API/Get Shipment Providers",
  "title": "Get Shipment Providers",
  "description": "Use this API to get the list of items for a single order.",
  "source": "@site/docs/Order API/Get Shipment Providers.md",
  "sourceDirName": "Order API",
  "slug": "/Order API/Get Shipment Providers",
  "permalink": "/docs/Order API/Get Shipment Providers",
  "draft": false,
  "editUrl": "https://github.com/facebook/docusaurus/tree/main/packages/create-docusaurus/templates/shared/docs/Order API/Get Shipment Providers.md",
  "tags": [],
  "version": "current",
  "frontMatter": {},
  "sidebar": "tutorialSidebar",
  "previous": {
    "title": "Get Payout Status",
    "permalink": "/docs/Order API/Get Payout Status"
  },
  "next": {
    "title": "Tutorial - Extras",
    "permalink": "/docs/category/tutorial---extras"
  }
}