{
  "unversionedId": "Order API/haha",
  "id": "Order API/haha",
  "title": "haha",
  "description": "",
  "source": "@site/docs/Order API/haha.mdx",
  "sourceDirName": "Order API",
  "slug": "/Order API/haha",
  "permalink": "/docs/Order API/haha",
  "draft": false,
  "editUrl": "https://github.com/facebook/docusaurus/tree/main/packages/create-docusaurus/templates/shared/docs/Order API/haha.mdx",
  "tags": [],
  "version": "current",
  "frontMatter": {},
  "sidebar": "tutorialSidebar",
  "previous": {
    "title": "Get Shipment Providers",
    "permalink": "/docs/Order API/Get Shipment Providers"
  },
  "next": {
    "title": "Tutorial - Extras",
    "permalink": "/docs/category/tutorial---extras"
  }
}