{
  "unversionedId": "Order API/hello",
  "id": "Order API/hello",
  "title": "Hello",
  "description": "This is my first Docusaurus document!",
  "source": "@site/docs/Order API/hello.md",
  "sourceDirName": "Order API",
  "slug": "/Order API/hello",
  "permalink": "/docs/Order API/hello",
  "draft": false,
  "editUrl": "https://github.com/facebook/docusaurus/tree/main/packages/create-docusaurus/templates/shared/docs/Order API/hello.md",
  "tags": [],
  "version": "current",
  "sidebarPosition": 2,
  "frontMatter": {
    "sidebar_label": "Hi!",
    "sidebar_position": 2
  },
  "sidebar": "tutorialSidebar",
  "previous": {
    "title": "New Order",
    "permalink": "/docs/category/new-order"
  },
  "next": {
    "title": "Get Order",
    "permalink": "/docs/Order API/Get Order"
  }
}