{
  "unversionedId": "New Order Detail/GetOrders",
  "id": "New Order Detail/GetOrders",
  "title": "GetOrders",
  "description": "",
  "source": "@site/docs/New Order Detail/GetOrders.md",
  "sourceDirName": "New Order Detail",
  "slug": "/New Order Detail/GetOrders",
  "permalink": "/docs/New Order Detail/GetOrders",
  "draft": false,
  "editUrl": "https://github.com/facebook/docusaurus/tree/main/packages/create-docusaurus/templates/shared/docs/New Order Detail/GetOrders.md",
  "tags": [],
  "version": "current",
  "frontMatter": {},
  "sidebar": "tutorialSidebar",
  "previous": {
    "title": "New Order Detail",
    "permalink": "/docs/category/new-order-detail"
  },
  "next": {
    "title": "Order Update Status",
    "permalink": "/docs/category/order-update-status"
  }
}