{
  "unversionedId": "New Order/Get Document PDF",
  "id": "New Order/Get Document PDF",
  "title": "Get Document PDF",
  "description": "",
  "source": "@site/docs/New Order/Get Document PDF.md",
  "sourceDirName": "New Order",
  "slug": "/New Order/Get Document PDF",
  "permalink": "/docs/New Order/Get Document PDF",
  "draft": false,
  "editUrl": "https://github.com/facebook/docusaurus/tree/main/packages/create-docusaurus/templates/shared/docs/New Order/Get Document PDF.md",
  "tags": [],
  "version": "current",
  "frontMatter": {},
  "sidebar": "tutorialSidebar",
  "previous": {
    "title": "New Order",
    "permalink": "/docs/category/new-order"
  },
  "next": {
    "title": "Get Document",
    "permalink": "/docs/New Order/Get Document"
  }
}