{
  "unversionedId": "New Order/oucher List",
  "id": "New Order/oucher List",
  "title": "oucher List",
  "description": "",
  "source": "@site/docs/New Order/oucher List.md",
  "sourceDirName": "New Order",
  "slug": "/New Order/oucher List",
  "permalink": "/docs/New Order/oucher List",
  "draft": false,
  "editUrl": "https://github.com/facebook/docusaurus/tree/main/packages/create-docusaurus/templates/shared/docs/New Order/oucher List.md",
  "tags": [],
  "version": "current",
  "frontMatter": {},
  "sidebar": "tutorialSidebar",
  "previous": {
    "title": "Voucher Deactivate",
    "permalink": "/docs/New Order/Voucher Deactivate"
  },
  "next": {
    "title": "Order Update Status",
    "permalink": "/docs/category/order-update-status"
  }
}