{
  "unversionedId": "Order API/1234",
  "id": "Order API/1234",
  "title": "Get Order",
  "description": "Use this API to get the list of items for a single order.",
  "source": "@site/docs/Order API/1234.md",
  "sourceDirName": "Order API",
  "slug": "/Order API/1234",
  "permalink": "/docs/Order API/1234",
  "draft": false,
  "editUrl": "https://github.com/facebook/docusaurus/tree/main/packages/create-docusaurus/templates/shared/docs/Order API/1234.md",
  "tags": [],
  "version": "current",
  "frontMatter": {},
  "sidebar": "tutorialSidebar",
  "previous": {
    "title": "Hi!",
    "permalink": "/docs/Order API/hello"
  },
  "next": {
    "title": "Tutorial - Extras",
    "permalink": "/docs/category/tutorial---extras"
  }
}