{
  "pluginId": "default",
  "version": "current",
  "label": "Next",
  "banner": null,
  "badge": false,
  "className": "docs-version-current",
  "isLast": true,
  "docsSidebars": {
    "tutorialSidebar": [
      {
        "type": "link",
        "label": "Tutorial Intro",
        "href": "/docs/intro",
        "docId": "intro"
      },
      {
        "type": "category",
        "label": "Tutorial - Basics",
        "collapsible": true,
        "collapsed": true,
        "items": [
          {
            "type": "link",
            "label": "Create a Page",
            "href": "/docs/tutorial-basics/create-a-page",
            "docId": "tutorial-basics/create-a-page"
          },
          {
            "type": "link",
            "label": "Create a Document",
            "href": "/docs/tutorial-basics/create-a-document",
            "docId": "tutorial-basics/create-a-document"
          },
          {
            "type": "link",
            "label": "Create a Blog Post",
            "href": "/docs/tutorial-basics/create-a-blog-post",
            "docId": "tutorial-basics/create-a-blog-post"
          },
          {
            "type": "link",
            "label": "Markdown Features",
            "href": "/docs/tutorial-basics/markdown-features",
            "docId": "tutorial-basics/markdown-features"
          },
          {
            "type": "link",
            "label": "Deploy your site",
            "href": "/docs/tutorial-basics/deploy-your-site",
            "docId": "tutorial-basics/deploy-your-site"
          },
          {
            "type": "link",
            "label": "Congratulations!",
            "href": "/docs/tutorial-basics/congratulations",
            "docId": "tutorial-basics/congratulations"
          }
        ],
        "href": "/docs/category/tutorial---basics"
      },
      {
        "type": "category",
        "label": "New Order",
        "collapsible": true,
        "collapsed": true,
        "items": [
          {
            "type": "link",
            "label": "Get Document PDF",
            "href": "/docs/New Order/Get Document PDF",
            "docId": "New Order/Get Document PDF"
          },
          {
            "type": "link",
            "label": "Get Document",
            "href": "/docs/New Order/Get Document",
            "docId": "New Order/Get Document"
          },
          {
            "type": "link",
            "label": "Get Order Items",
            "href": "/docs/New Order/Get Order Items",
            "docId": "New Order/Get Order Items"
          },
          {
            "type": "link",
            "label": "Get Order",
            "href": "/docs/New Order/Get Order",
            "docId": "New Order/Get Order"
          },
          {
            "type": "link",
            "label": "Get Orders",
            "href": "/docs/New Order/Get Orders",
            "docId": "New Order/Get Orders"
          },
          {
            "type": "link",
            "label": "Get Payout Status",
            "href": "/docs/New Order/Get Payout Status",
            "docId": "New Order/Get Payout Status"
          },
          {
            "type": "link",
            "label": "Get Product Review List",
            "href": "/docs/New Order/Get Product Review List",
            "docId": "New Order/Get Product Review List"
          },
          {
            "type": "link",
            "label": "Get Products Item",
            "href": "/docs/New Order/Get Products Item",
            "docId": "New Order/Get Products Item"
          },
          {
            "type": "link",
            "label": "Get Products",
            "href": "/docs/New Order/Get Products",
            "docId": "New Order/Get Products"
          },
          {
            "type": "link",
            "label": "Get Reverse Order Detail",
            "href": "/docs/New Order/Get Reverse Order Detail",
            "docId": "New Order/Get Reverse Order Detail"
          },
          {
            "type": "link",
            "label": "Get Reverse Order For Seller",
            "href": "/docs/New Order/Get Reverse Order For Seller",
            "docId": "New Order/Get Reverse Order For Seller"
          },
          {
            "type": "link",
            "label": "Get Reverse Order History List",
            "href": "/docs/New Order/Get Reverse Order History List",
            "docId": "New Order/Get Reverse Order History List"
          },
          {
            "type": "link",
            "label": "Get Reverse Order Reason List",
            "href": "/docs/New Order/Get Reverse Order Reason List",
            "docId": "New Order/Get Reverse Order Reason List"
          },
          {
            "type": "link",
            "label": "Get Seller Metrics By ID",
            "href": "/docs/New Order/Get Seller Metrics By ID",
            "docId": "New Order/Get Seller Metrics By ID"
          },
          {
            "type": "link",
            "label": "Get Seller Performance",
            "href": "/docs/New Order/Get Seller Performance",
            "docId": "New Order/Get Seller Performance"
          },
          {
            "type": "link",
            "label": "Get Shipment Providers",
            "href": "/docs/New Order/Get Shipment Providers",
            "docId": "New Order/Get Shipment Providers"
          },
          {
            "type": "link",
            "label": "Get Transaction Details",
            "href": "/docs/New Order/Get Transaction Details",
            "docId": "New Order/Get Transaction Details"
          },
          {
            "type": "link",
            "label": "Query Transaction Details",
            "href": "/docs/New Order/Query Transaction Details",
            "docId": "New Order/Query Transaction Details"
          },
          {
            "type": "link",
            "label": "Reverse Order Return Update",
            "href": "/docs/New Order/Reverse Order Return Update",
            "docId": "New Order/Reverse Order Return Update"
          },
          {
            "type": "link",
            "label": "Set SOF order status to being delivered",
            "href": "/docs/New Order/Set SOF order status to being delivered",
            "docId": "New Order/Set SOF order status to being delivered"
          },
          {
            "type": "link",
            "label": "Set order status to Packed",
            "href": "/docs/New Order/Set order status to Packed",
            "docId": "New Order/Set order status to Packed"
          },
          {
            "type": "link",
            "label": "Set order status to Ready to Ship",
            "href": "/docs/New Order/Set order status to Ready to Ship",
            "docId": "New Order/Set order status to Ready to Ship"
          },
          {
            "type": "link",
            "label": "Set order status to canceled",
            "href": "/docs/New Order/Set order status to canceled",
            "docId": "New Order/Set order status to canceled"
          },
          {
            "type": "link",
            "label": "Submit Seller Reply",
            "href": "/docs/New Order/Submit Seller Reply",
            "docId": "New Order/Submit Seller Reply"
          },
          {
            "type": "link",
            "label": "Update Price Quantity",
            "href": "/docs/New Order/Update Price Quantity",
            "docId": "New Order/Update Price Quantity"
          },
          {
            "type": "link",
            "label": "Voucher Activate",
            "href": "/docs/New Order/Voucher Activate",
            "docId": "New Order/Voucher Activate"
          },
          {
            "type": "link",
            "label": "Voucher Create",
            "href": "/docs/New Order/Voucher Create",
            "docId": "New Order/Voucher Create"
          },
          {
            "type": "link",
            "label": "Voucher Deactivate",
            "href": "/docs/New Order/Voucher Deactivate",
            "docId": "New Order/Voucher Deactivate"
          },
          {
            "type": "link",
            "label": "Voucher Detail query",
            "href": "/docs/New Order/Voucher Detail query",
            "docId": "New Order/Voucher Detail query"
          },
          {
            "type": "link",
            "label": "Voucher List",
            "href": "/docs/New Order/Voucher List",
            "docId": "New Order/Voucher List"
          }
        ],
        "href": "/docs/category/new-order"
      },
      {
        "type": "category",
        "label": "Order Update Status",
        "collapsible": true,
        "collapsed": true,
        "items": [
          {
            "type": "link",
            "label": "Get Payout Status",
            "href": "/docs/Order Update Status/Get Payout Status",
            "docId": "Order Update Status/Get Payout Status"
          }
        ],
        "href": "/docs/category/order-update-status"
      },
      {
        "type": "category",
        "label": "Tutorial - Extras",
        "collapsible": true,
        "collapsed": true,
        "items": [
          {
            "type": "link",
            "label": "Manage Docs Versions",
            "href": "/docs/tutorial-extras/manage-docs-versions",
            "docId": "tutorial-extras/manage-docs-versions"
          },
          {
            "type": "link",
            "label": "Translate your site",
            "href": "/docs/tutorial-extras/translate-your-site",
            "docId": "tutorial-extras/translate-your-site"
          }
        ],
        "href": "/docs/category/tutorial---extras"
      }
    ]
  },
  "docs": {
    "intro": {
      "id": "intro",
      "title": "Tutorial Intro",
      "description": "Let's discover Docusaurus in less than 5 minutes.",
      "sidebar": "tutorialSidebar"
    },
    "New Order/Get Document": {
      "id": "New Order/Get Document",
      "title": "Get Document",
      "description": "",
      "sidebar": "tutorialSidebar"
    },
    "New Order/Get Document PDF": {
      "id": "New Order/Get Document PDF",
      "title": "Get Document PDF",
      "description": "",
      "sidebar": "tutorialSidebar"
    },
    "New Order/Get Order": {
      "id": "New Order/Get Order",
      "title": "Get Order",
      "description": "",
      "sidebar": "tutorialSidebar"
    },
    "New Order/Get Order Items": {
      "id": "New Order/Get Order Items",
      "title": "Get Order Items",
      "description": "",
      "sidebar": "tutorialSidebar"
    },
    "New Order/Get Orders": {
      "id": "New Order/Get Orders",
      "title": "Get Orders",
      "description": "",
      "sidebar": "tutorialSidebar"
    },
    "New Order/Get Payout Status": {
      "id": "New Order/Get Payout Status",
      "title": "Get Payout Status",
      "description": "",
      "sidebar": "tutorialSidebar"
    },
    "New Order/Get Product Review List": {
      "id": "New Order/Get Product Review List",
      "title": "Get Product Review List",
      "description": "",
      "sidebar": "tutorialSidebar"
    },
    "New Order/Get Products": {
      "id": "New Order/Get Products",
      "title": "Get Products",
      "description": "",
      "sidebar": "tutorialSidebar"
    },
    "New Order/Get Products Item": {
      "id": "New Order/Get Products Item",
      "title": "Get Products Item",
      "description": "",
      "sidebar": "tutorialSidebar"
    },
    "New Order/Get Reverse Order Detail": {
      "id": "New Order/Get Reverse Order Detail",
      "title": "Get Reverse Order Detail",
      "description": "",
      "sidebar": "tutorialSidebar"
    },
    "New Order/Get Reverse Order For Seller": {
      "id": "New Order/Get Reverse Order For Seller",
      "title": "Get Reverse Order For Seller",
      "description": "",
      "sidebar": "tutorialSidebar"
    },
    "New Order/Get Reverse Order History List": {
      "id": "New Order/Get Reverse Order History List",
      "title": "Get Reverse Order History List",
      "description": "",
      "sidebar": "tutorialSidebar"
    },
    "New Order/Get Reverse Order Reason List": {
      "id": "New Order/Get Reverse Order Reason List",
      "title": "Get Reverse Order Reason List",
      "description": "",
      "sidebar": "tutorialSidebar"
    },
    "New Order/Get Seller Metrics By ID": {
      "id": "New Order/Get Seller Metrics By ID",
      "title": "Get Seller Metrics By ID",
      "description": "",
      "sidebar": "tutorialSidebar"
    },
    "New Order/Get Seller Performance": {
      "id": "New Order/Get Seller Performance",
      "title": "Get Seller Performance",
      "description": "",
      "sidebar": "tutorialSidebar"
    },
    "New Order/Get Shipment Providers": {
      "id": "New Order/Get Shipment Providers",
      "title": "Get Shipment Providers",
      "description": "",
      "sidebar": "tutorialSidebar"
    },
    "New Order/Get Transaction Details": {
      "id": "New Order/Get Transaction Details",
      "title": "Get Transaction Details",
      "description": "",
      "sidebar": "tutorialSidebar"
    },
    "New Order/Query Transaction Details": {
      "id": "New Order/Query Transaction Details",
      "title": "Query Transaction Details",
      "description": "",
      "sidebar": "tutorialSidebar"
    },
    "New Order/Reverse Order Return Update": {
      "id": "New Order/Reverse Order Return Update",
      "title": "Reverse Order Return Update",
      "description": "",
      "sidebar": "tutorialSidebar"
    },
    "New Order/Set order status to canceled": {
      "id": "New Order/Set order status to canceled",
      "title": "Set order status to canceled",
      "description": "",
      "sidebar": "tutorialSidebar"
    },
    "New Order/Set order status to Packed": {
      "id": "New Order/Set order status to Packed",
      "title": "Set order status to Packed",
      "description": "",
      "sidebar": "tutorialSidebar"
    },
    "New Order/Set order status to Ready to Ship": {
      "id": "New Order/Set order status to Ready to Ship",
      "title": "Set order status to Ready to Ship",
      "description": "",
      "sidebar": "tutorialSidebar"
    },
    "New Order/Set SOF order status to being delivered": {
      "id": "New Order/Set SOF order status to being delivered",
      "title": "Set SOF order status to being delivered",
      "description": "",
      "sidebar": "tutorialSidebar"
    },
    "New Order/Submit Seller Reply": {
      "id": "New Order/Submit Seller Reply",
      "title": "Submit Seller Reply",
      "description": "",
      "sidebar": "tutorialSidebar"
    },
    "New Order/Update Price Quantity": {
      "id": "New Order/Update Price Quantity",
      "title": "Update Price Quantity",
      "description": "",
      "sidebar": "tutorialSidebar"
    },
    "New Order/Voucher Activate": {
      "id": "New Order/Voucher Activate",
      "title": "Voucher Activate",
      "description": "",
      "sidebar": "tutorialSidebar"
    },
    "New Order/Voucher Create": {
      "id": "New Order/Voucher Create",
      "title": "Voucher Create",
      "description": "",
      "sidebar": "tutorialSidebar"
    },
    "New Order/Voucher Deactivate": {
      "id": "New Order/Voucher Deactivate",
      "title": "Voucher Deactivate",
      "description": "",
      "sidebar": "tutorialSidebar"
    },
    "New Order/Voucher Detail query": {
      "id": "New Order/Voucher Detail query",
      "title": "Voucher Detail query",
      "description": "",
      "sidebar": "tutorialSidebar"
    },
    "New Order/Voucher List": {
      "id": "New Order/Voucher List",
      "title": "Voucher List",
      "description": "",
      "sidebar": "tutorialSidebar"
    },
    "Order Update Status/Get Payout Status": {
      "id": "Order Update Status/Get Payout Status",
      "title": "Get Payout Status",
      "description": "Use this API to get the list of items for a single order.",
      "sidebar": "tutorialSidebar"
    },
    "tutorial-basics/congratulations": {
      "id": "tutorial-basics/congratulations",
      "title": "Congratulations!",
      "description": "You have just learned the basics of Docusaurus and made some changes to the initial template.",
      "sidebar": "tutorialSidebar"
    },
    "tutorial-basics/create-a-blog-post": {
      "id": "tutorial-basics/create-a-blog-post",
      "title": "Create a Blog Post",
      "description": "Docusaurus creates a page for each blog post, but also a blog index page, a tag system, an RSS feed...",
      "sidebar": "tutorialSidebar"
    },
    "tutorial-basics/create-a-document": {
      "id": "tutorial-basics/create-a-document",
      "title": "Create a Document",
      "description": "Documents are groups of pages connected through:",
      "sidebar": "tutorialSidebar"
    },
    "tutorial-basics/create-a-page": {
      "id": "tutorial-basics/create-a-page",
      "title": "Create a Page",
      "description": "Add Markdown or React files to src/pages to create a standalone page:",
      "sidebar": "tutorialSidebar"
    },
    "tutorial-basics/deploy-your-site": {
      "id": "tutorial-basics/deploy-your-site",
      "title": "Deploy your site",
      "description": "Docusaurus is a static-site-generator (also called Jamstack).",
      "sidebar": "tutorialSidebar"
    },
    "tutorial-basics/markdown-features": {
      "id": "tutorial-basics/markdown-features",
      "title": "Markdown Features",
      "description": "Docusaurus supports Markdown and a few additional features.",
      "sidebar": "tutorialSidebar"
    },
    "tutorial-extras/manage-docs-versions": {
      "id": "tutorial-extras/manage-docs-versions",
      "title": "Manage Docs Versions",
      "description": "Docusaurus can manage multiple versions of your docs.",
      "sidebar": "tutorialSidebar"
    },
    "tutorial-extras/translate-your-site": {
      "id": "tutorial-extras/translate-your-site",
      "title": "Translate your site",
      "description": "Let's translate docs/intro.md to French.",
      "sidebar": "tutorialSidebar"
    }
  }
}