{
  "docusaurus-plugin-content-docs": {
    "default": {
      "path": "/docs",
      "versions": [
        {
          "name": "current",
          "label": "Next",
          "isLast": true,
          "path": "/docs",
          "mainDocId": "intro",
          "docs": [
            {
              "id": "intro",
              "path": "/docs/intro",
              "sidebar": "tutorialSidebar"
            },
            {
              "id": "New Order/Get Document",
              "path": "/docs/New Order/Get Document",
              "sidebar": "tutorialSidebar"
            },
            {
              "id": "New Order/Get Document PDF",
              "path": "/docs/New Order/Get Document PDF",
              "sidebar": "tutorialSidebar"
            },
            {
              "id": "New Order/Get Order",
              "path": "/docs/New Order/Get Order",
              "sidebar": "tutorialSidebar"
            },
            {
              "id": "New Order/Get Order Items",
              "path": "/docs/New Order/Get Order Items",
              "sidebar": "tutorialSidebar"
            },
            {
              "id": "New Order/Get Orders",
              "path": "/docs/New Order/Get Orders",
              "sidebar": "tutorialSidebar"
            },
            {
              "id": "New Order/Get Payout Status",
              "path": "/docs/New Order/Get Payout Status",
              "sidebar": "tutorialSidebar"
            },
            {
              "id": "New Order/Get Product Review List",
              "path": "/docs/New Order/Get Product Review List",
              "sidebar": "tutorialSidebar"
            },
            {
              "id": "New Order/Get Products",
              "path": "/docs/New Order/Get Products",
              "sidebar": "tutorialSidebar"
            },
            {
              "id": "New Order/Get Products Item",
              "path": "/docs/New Order/Get Products Item",
              "sidebar": "tutorialSidebar"
            },
            {
              "id": "New Order/Get Reverse Order Detail",
              "path": "/docs/New Order/Get Reverse Order Detail",
              "sidebar": "tutorialSidebar"
            },
            {
              "id": "New Order/Get Reverse Order For Seller",
              "path": "/docs/New Order/Get Reverse Order For Seller",
              "sidebar": "tutorialSidebar"
            },
            {
              "id": "New Order/Get Reverse Order History List",
              "path": "/docs/New Order/Get Reverse Order History List",
              "sidebar": "tutorialSidebar"
            },
            {
              "id": "New Order/Get Reverse Order Reason List",
              "path": "/docs/New Order/Get Reverse Order Reason List",
              "sidebar": "tutorialSidebar"
            },
            {
              "id": "New Order/Get Seller Metrics By ID",
              "path": "/docs/New Order/Get Seller Metrics By ID",
              "sidebar": "tutorialSidebar"
            },
            {
              "id": "New Order/Get Seller Performance",
              "path": "/docs/New Order/Get Seller Performance",
              "sidebar": "tutorialSidebar"
            },
            {
              "id": "New Order/Get Shipment Providers",
              "path": "/docs/New Order/Get Shipment Providers",
              "sidebar": "tutorialSidebar"
            },
            {
              "id": "New Order/Get Transaction Details",
              "path": "/docs/New Order/Get Transaction Details",
              "sidebar": "tutorialSidebar"
            },
            {
              "id": "New Order/Query Transaction Details",
              "path": "/docs/New Order/Query Transaction Details",
              "sidebar": "tutorialSidebar"
            },
            {
              "id": "New Order/Reverse Order Return Update",
              "path": "/docs/New Order/Reverse Order Return Update",
              "sidebar": "tutorialSidebar"
            },
            {
              "id": "New Order/Set order status to canceled",
              "path": "/docs/New Order/Set order status to canceled",
              "sidebar": "tutorialSidebar"
            },
            {
              "id": "New Order/Set order status to Packed",
              "path": "/docs/New Order/Set order status to Packed",
              "sidebar": "tutorialSidebar"
            },
            {
              "id": "New Order/Set order status to Ready to Ship",
              "path": "/docs/New Order/Set order status to Ready to Ship",
              "sidebar": "tutorialSidebar"
            },
            {
              "id": "New Order/Set SOF order status to being delivered",
              "path": "/docs/New Order/Set SOF order status to being delivered",
              "sidebar": "tutorialSidebar"
            },
            {
              "id": "New Order/Submit Seller Reply",
              "path": "/docs/New Order/Submit Seller Reply",
              "sidebar": "tutorialSidebar"
            },
            {
              "id": "New Order/Update Price Quantity",
              "path": "/docs/New Order/Update Price Quantity",
              "sidebar": "tutorialSidebar"
            },
            {
              "id": "New Order/Voucher Activate",
              "path": "/docs/New Order/Voucher Activate",
              "sidebar": "tutorialSidebar"
            },
            {
              "id": "New Order/Voucher Create",
              "path": "/docs/New Order/Voucher Create",
              "sidebar": "tutorialSidebar"
            },
            {
              "id": "New Order/Voucher Deactivate",
              "path": "/docs/New Order/Voucher Deactivate",
              "sidebar": "tutorialSidebar"
            },
            {
              "id": "New Order/Voucher Detail query",
              "path": "/docs/New Order/Voucher Detail query",
              "sidebar": "tutorialSidebar"
            },
            {
              "id": "New Order/Voucher List",
              "path": "/docs/New Order/Voucher List",
              "sidebar": "tutorialSidebar"
            },
            {
              "id": "Order Update Status/Get Payout Status",
              "path": "/docs/Order Update Status/Get Payout Status",
              "sidebar": "tutorialSidebar"
            },
            {
              "id": "tutorial-basics/congratulations",
              "path": "/docs/tutorial-basics/congratulations",
              "sidebar": "tutorialSidebar"
            },
            {
              "id": "tutorial-basics/create-a-blog-post",
              "path": "/docs/tutorial-basics/create-a-blog-post",
              "sidebar": "tutorialSidebar"
            },
            {
              "id": "tutorial-basics/create-a-document",
              "path": "/docs/tutorial-basics/create-a-document",
              "sidebar": "tutorialSidebar"
            },
            {
              "id": "tutorial-basics/create-a-page",
              "path": "/docs/tutorial-basics/create-a-page",
              "sidebar": "tutorialSidebar"
            },
            {
              "id": "tutorial-basics/deploy-your-site",
              "path": "/docs/tutorial-basics/deploy-your-site",
              "sidebar": "tutorialSidebar"
            },
            {
              "id": "tutorial-basics/markdown-features",
              "path": "/docs/tutorial-basics/markdown-features",
              "sidebar": "tutorialSidebar"
            },
            {
              "id": "tutorial-extras/manage-docs-versions",
              "path": "/docs/tutorial-extras/manage-docs-versions",
              "sidebar": "tutorialSidebar"
            },
            {
              "id": "tutorial-extras/translate-your-site",
              "path": "/docs/tutorial-extras/translate-your-site",
              "sidebar": "tutorialSidebar"
            },
            {
              "id": "/category/tutorial---basics",
              "path": "/docs/category/tutorial---basics",
              "sidebar": "tutorialSidebar"
            },
            {
              "id": "/category/new-order",
              "path": "/docs/category/new-order",
              "sidebar": "tutorialSidebar"
            },
            {
              "id": "/category/order-update-status",
              "path": "/docs/category/order-update-status",
              "sidebar": "tutorialSidebar"
            },
            {
              "id": "/category/tutorial---extras",
              "path": "/docs/category/tutorial---extras",
              "sidebar": "tutorialSidebar"
            }
          ],
          "draftIds": [],
          "sidebars": {
            "tutorialSidebar": {
              "link": {
                "path": "/docs/intro",
                "label": "intro"
              }
            }
          }
        }
      ],
      "breadcrumbs": true
    }
  }
}