{
  "/__docusaurus/debug-cd6": {
    "__comp": "__comp---theme-debug-config-23-a-2ff",
    "__context": {
      "plugin": "plugin---docusaurus-debug-956-f65"
    }
  },
  "/__docusaurus/debug/config-ace": {
    "__comp": "__comp---theme-debug-config-23-a-2ff",
    "__context": {
      "plugin": "plugin---docusaurus-debug-956-f65"
    }
  },
  "/__docusaurus/debug/content-8dd": {
    "__comp": "__comp---theme-debug-contentba-8-ce7",
    "__context": {
      "plugin": "plugin---docusaurus-debug-956-f65"
    },
    "allContent": "allContent---docusaurus-debug-content-246-9aa"
  },
  "/__docusaurus/debug/globalData-043": {
    "__comp": "__comp---theme-debug-global-dataede-0fa",
    "__context": {
      "plugin": "plugin---docusaurus-debug-956-f65"
    }
  },
  "/__docusaurus/debug/metadata-be3": {
    "__comp": "__comp---theme-debug-site-metadata-68-e-3d4",
    "__context": {
      "plugin": "plugin---docusaurus-debug-956-f65"
    }
  },
  "/__docusaurus/debug/registry-2c4": {
    "__comp": "__comp---theme-debug-registry-679-501",
    "__context": {
      "plugin": "plugin---docusaurus-debug-956-f65"
    }
  },
  "/__docusaurus/debug/routes-8a4": {
    "__comp": "__comp---theme-debug-routes-946-699",
    "__context": {
      "plugin": "plugin---docusaurus-debug-956-f65"
    }
  },
  "/blog-71f": {
    "__comp": "__comp---theme-blog-list-pagea-6-a-7ba",
    "__context": {
      "plugin": "plugin---blogb-58-cb1"
    },
    "sidebar": "sidebar---blog-814-8ac",
    "items": [
      {
        "content": "content---blog-766-e3c"
      },
      {
        "content": "content---blogf-4-f-cd7"
      },
      {
        "content": "content---blog-871-381"
      },
      {
        "content": "content---blog-925-e00"
      }
    ],
    "metadata": "metadata---blogb-2-b-df1"
  },
  "/blog/archive-281": {
    "__comp": "__comp---theme-blog-archive-page-9-e-4-1d8",
    "__context": {
      "plugin": "plugin---blogb-58-cb1"
    },
    "archive": "archive---blog-archiveb-2-f-393"
  },
  "/blog/first-blog-post-e05": {
    "__comp": "__comp---theme-blog-post-pageccc-cab",
    "__context": {
      "plugin": "plugin---blogb-58-cb1"
    },
    "sidebar": "sidebar---blog-814-8ac",
    "content": "content---blog-first-blog-poste-27-4a1"
  },
  "/blog/long-blog-post-d70": {
    "__comp": "__comp---theme-blog-post-pageccc-cab",
    "__context": {
      "plugin": "plugin---blogb-58-cb1"
    },
    "sidebar": "sidebar---blog-814-8ac",
    "content": "content---blog-long-blog-post-736-bc7"
  },
  "/blog/mdx-blog-post-c1d": {
    "__comp": "__comp---theme-blog-post-pageccc-cab",
    "__context": {
      "plugin": "plugin---blogb-58-cb1"
    },
    "sidebar": "sidebar---blog-814-8ac",
    "content": "content---blog-mdx-blog-post-593-37b"
  },
  "/blog/tags-bc7": {
    "__comp": "__comp---theme-blog-tags-list-page-01-a-d0b",
    "__context": {
      "plugin": "plugin---blogb-58-cb1"
    },
    "sidebar": "sidebar---blog-814-8ac",
    "tags": "tags---blog-tagsa-70-da2"
  },
  "/blog/tags/docusaurus-75e": {
    "__comp": "__comp---theme-blog-tags-posts-page-687-b6c",
    "__context": {
      "plugin": "plugin---blogb-58-cb1"
    },
    "sidebar": "sidebar---blog-814-8ac",
    "items": [
      {
        "content": "content---blog-766-e3c"
      },
      {
        "content": "content---blogf-4-f-cd7"
      },
      {
        "content": "content---blog-871-381"
      },
      {
        "content": "content---blog-925-e00"
      }
    ],
    "tag": "tag---blog-tags-docusaurusa-80-728",
    "listMetadata": "listMetadata---blog-tags-docusaurus-608-c09"
  },
  "/blog/tags/facebook-b46": {
    "__comp": "__comp---theme-blog-tags-posts-page-687-b6c",
    "__context": {
      "plugin": "plugin---blogb-58-cb1"
    },
    "sidebar": "sidebar---blog-814-8ac",
    "items": [
      {
        "content": "content---blog-766-e3c"
      }
    ],
    "tag": "tag---blog-tags-facebook-031-c52",
    "listMetadata": "listMetadata---blog-tags-facebook-096-d31"
  },
  "/blog/tags/hello-eb4": {
    "__comp": "__comp---theme-blog-tags-posts-page-687-b6c",
    "__context": {
      "plugin": "plugin---blogb-58-cb1"
    },
    "sidebar": "sidebar---blog-814-8ac",
    "items": [
      {
        "content": "content---blog-766-e3c"
      },
      {
        "content": "content---blog-871-381"
      }
    ],
    "tag": "tag---blog-tags-hello-30-a-bed",
    "listMetadata": "listMetadata---blog-tags-hello-664-70a"
  },
  "/blog/tags/hola-e54": {
    "__comp": "__comp---theme-blog-tags-posts-page-687-b6c",
    "__context": {
      "plugin": "plugin---blogb-58-cb1"
    },
    "sidebar": "sidebar---blog-814-8ac",
    "items": [
      {
        "content": "content---blog-925-e00"
      }
    ],
    "tag": "tag---blog-tags-holae-16-18a",
    "listMetadata": "listMetadata---blog-tags-hola-4-c-9-a24"
  },
  "/blog/welcome-9b2": {
    "__comp": "__comp---theme-blog-post-pageccc-cab",
    "__context": {
      "plugin": "plugin---blogb-58-cb1"
    },
    "sidebar": "sidebar---blog-814-8ac",
    "content": "content---blog-welcomed-9-f-ffb"
  },
  "/markdown-page-01c": {
    "__comp": "__comp---theme-mdx-page-1-f-3-b90",
    "__context": {
      "plugin": "plugin---markdown-page-1-b-0-af1"
    },
    "content": "content---markdown-page-393-028"
  },
  "/my-react-page-118": {
    "__comp": "__comp---site-src-pages-my-react-page-jsf-85-e77",
    "__context": {
      "plugin": "plugin---markdown-page-1-b-0-af1"
    },
    "config": "config---my-react-page-5-e-9-dcc"
  },
  "/docs-3be": {
    "__comp": "__comp---theme-doc-page-1-be-9be",
    "__context": {
      "plugin": "plugin---docsb-28-afd"
    },
    "versionMetadata": "versionMetadata---docs-935-398"
  },
  "/docs/category/new-order-c9d": {
    "__comp": "__comp---theme-doc-category-generated-index-page-14-e-640",
    "categoryGeneratedIndex": "categoryGeneratedIndex---docs-category-new-ordercdd-b13"
  },
  "/docs/category/order-update-status-2a0": {
    "__comp": "__comp---theme-doc-category-generated-index-page-14-e-640",
    "categoryGeneratedIndex": "categoryGeneratedIndex---docs-category-order-update-statusa-37-f21"
  },
  "/docs/category/tutorial---basics-d44": {
    "__comp": "__comp---theme-doc-category-generated-index-page-14-e-640",
    "categoryGeneratedIndex": "categoryGeneratedIndex---docs-category-tutorial-basicsea-8-8c8"
  },
  "/docs/category/tutorial---extras-f09": {
    "__comp": "__comp---theme-doc-category-generated-index-page-14-e-640",
    "categoryGeneratedIndex": "categoryGeneratedIndex---docs-category-tutorial-extrasc-84-abc"
  },
  "/docs/intro-aed": {
    "__comp": "__comp---theme-doc-item-178-a40",
    "content": "content---docs-intro-0-e-3-be1"
  },
  "/docs/New Order/Get Document-9f8": {
    "__comp": "__comp---theme-doc-item-178-a40",
    "content": "content---docs-new-order-get-documenta-0-e-7f9"
  },
  "/docs/New Order/Get Document PDF-08c": {
    "__comp": "__comp---theme-doc-item-178-a40",
    "content": "content---docs-new-order-get-document-pdf-81-c-d76"
  },
  "/docs/New Order/Get Order-c26": {
    "__comp": "__comp---theme-doc-item-178-a40",
    "content": "content---docs-new-order-get-order-592-528"
  },
  "/docs/New Order/Get Order Items-3be": {
    "__comp": "__comp---theme-doc-item-178-a40",
    "content": "content---docs-new-order-get-order-items-270-6d5"
  },
  "/docs/New Order/Get Orders-d25": {
    "__comp": "__comp---theme-doc-item-178-a40",
    "content": "content---docs-new-order-get-orders-004-8e7"
  },
  "/docs/New Order/Get Payout Status-855": {
    "__comp": "__comp---theme-doc-item-178-a40",
    "content": "content---docs-new-order-get-payout-status-638-2ff"
  },
  "/docs/New Order/Get Product Review List-bbe": {
    "__comp": "__comp---theme-doc-item-178-a40",
    "content": "content---docs-new-order-get-product-review-list-446-dd7"
  },
  "/docs/New Order/Get Products-3b0": {
    "__comp": "__comp---theme-doc-item-178-a40",
    "content": "content---docs-new-order-get-productsb-0-c-6bf"
  },
  "/docs/New Order/Get Products Item-49c": {
    "__comp": "__comp---theme-doc-item-178-a40",
    "content": "content---docs-new-order-get-products-item-854-07c"
  },
  "/docs/New Order/Get Reverse Order Detail-ad1": {
    "__comp": "__comp---theme-doc-item-178-a40",
    "content": "content---docs-new-order-get-reverse-order-detail-07-a-d20"
  },
  "/docs/New Order/Get Reverse Order For Seller-2b8": {
    "__comp": "__comp---theme-doc-item-178-a40",
    "content": "content---docs-new-order-get-reverse-order-for-sellerde-9-567"
  },
  "/docs/New Order/Get Reverse Order History List-be1": {
    "__comp": "__comp---theme-doc-item-178-a40",
    "content": "content---docs-new-order-get-reverse-order-history-listef-0-289"
  },
  "/docs/New Order/Get Reverse Order Reason List-f14": {
    "__comp": "__comp---theme-doc-item-178-a40",
    "content": "content---docs-new-order-get-reverse-order-reason-lista-32-dbc"
  },
  "/docs/New Order/Get Seller Metrics By ID-c24": {
    "__comp": "__comp---theme-doc-item-178-a40",
    "content": "content---docs-new-order-get-seller-metrics-by-id-3-b-1-e2b"
  },
  "/docs/New Order/Get Seller Performance-4ee": {
    "__comp": "__comp---theme-doc-item-178-a40",
    "content": "content---docs-new-order-get-seller-performancec-31-0f6"
  },
  "/docs/New Order/Get Shipment Providers-a04": {
    "__comp": "__comp---theme-doc-item-178-a40",
    "content": "content---docs-new-order-get-shipment-providersb-0-d-871"
  },
  "/docs/New Order/Get Transaction Details-62c": {
    "__comp": "__comp---theme-doc-item-178-a40",
    "content": "content---docs-new-order-get-transaction-details-982-194"
  },
  "/docs/New Order/Query Transaction Details-dad": {
    "__comp": "__comp---theme-doc-item-178-a40",
    "content": "content---docs-new-order-query-transaction-details-3-a-5-c22"
  },
  "/docs/New Order/Reverse Order Return Update-68f": {
    "__comp": "__comp---theme-doc-item-178-a40",
    "content": "content---docs-new-order-reverse-order-return-update-2-e-9-faf"
  },
  "/docs/New Order/Set order status to canceled-262": {
    "__comp": "__comp---theme-doc-item-178-a40",
    "content": "content---docs-new-order-set-order-status-to-canceled-1-c-2-a3e"
  },
  "/docs/New Order/Set order status to Packed-216": {
    "__comp": "__comp---theme-doc-item-178-a40",
    "content": "content---docs-new-order-set-order-status-to-packed-0-b-4-d44"
  },
  "/docs/New Order/Set order status to Ready to Ship-ca9": {
    "__comp": "__comp---theme-doc-item-178-a40",
    "content": "content---docs-new-order-set-order-status-to-ready-to-ship-2-b-5-458"
  },
  "/docs/New Order/Set SOF order status to being delivered-2f3": {
    "__comp": "__comp---theme-doc-item-178-a40",
    "content": "content---docs-new-order-set-sof-order-status-to-being-delivered-5-fb-426"
  },
  "/docs/New Order/Submit Seller Reply-7b0": {
    "__comp": "__comp---theme-doc-item-178-a40",
    "content": "content---docs-new-order-submit-seller-replyb-64-a76"
  },
  "/docs/New Order/Update Price Quantity-0d4": {
    "__comp": "__comp---theme-doc-item-178-a40",
    "content": "content---docs-new-order-update-price-quantity-46-c-274"
  },
  "/docs/New Order/Voucher Activate-22b": {
    "__comp": "__comp---theme-doc-item-178-a40",
    "content": "content---docs-new-order-voucher-activatedb-5-3eb"
  },
  "/docs/New Order/Voucher Create-604": {
    "__comp": "__comp---theme-doc-item-178-a40",
    "content": "content---docs-new-order-voucher-create-704-086"
  },
  "/docs/New Order/Voucher Deactivate-474": {
    "__comp": "__comp---theme-doc-item-178-a40",
    "content": "content---docs-new-order-voucher-deactivate-745-e06"
  },
  "/docs/New Order/Voucher Detail query-260": {
    "__comp": "__comp---theme-doc-item-178-a40",
    "content": "content---docs-new-order-voucher-detail-queryee-3-12d"
  },
  "/docs/New Order/Voucher List-ae2": {
    "__comp": "__comp---theme-doc-item-178-a40",
    "content": "content---docs-new-order-voucher-listfb-4-80d"
  },
  "/docs/Order Update Status/Get Payout Status-68a": {
    "__comp": "__comp---theme-doc-item-178-a40",
    "content": "content---docs-order-update-status-get-payout-statuseb-8-a32"
  },
  "/docs/tutorial-basics/congratulations-793": {
    "__comp": "__comp---theme-doc-item-178-a40",
    "content": "content---docs-tutorial-basics-congratulations-822-958"
  },
  "/docs/tutorial-basics/create-a-blog-post-68e": {
    "__comp": "__comp---theme-doc-item-178-a40",
    "content": "content---docs-tutorial-basics-create-a-blog-post-533-e85"
  },
  "/docs/tutorial-basics/create-a-document-c2d": {
    "__comp": "__comp---theme-doc-item-178-a40",
    "content": "content---docs-tutorial-basics-create-a-document-1-e-4-078"
  },
  "/docs/tutorial-basics/create-a-page-f44": {
    "__comp": "__comp---theme-doc-item-178-a40",
    "content": "content---docs-tutorial-basics-create-a-page-5-c-8-e19"
  },
  "/docs/tutorial-basics/deploy-your-site-e46": {
    "__comp": "__comp---theme-doc-item-178-a40",
    "content": "content---docs-tutorial-basics-deploy-your-sitef-55-a3f"
  },
  "/docs/tutorial-basics/markdown-features-4b7": {
    "__comp": "__comp---theme-doc-item-178-a40",
    "content": "content---docs-tutorial-basics-markdown-features-18-c-a79"
  },
  "/docs/tutorial-extras/manage-docs-versions-fdd": {
    "__comp": "__comp---theme-doc-item-178-a40",
    "content": "content---docs-tutorial-extras-manage-docs-versionsdff-6d4"
  },
  "/docs/tutorial-extras/translate-your-site-2d7": {
    "__comp": "__comp---theme-doc-item-178-a40",
    "content": "content---docs-tutorial-extras-translate-your-sitee-44-ddf"
  },
  "/-e29": {
    "__comp": "__comp---site-src-pages-index-jsc-4-f-f99",
    "__context": {
      "plugin": "plugin---markdown-page-1-b-0-af1"
    },
    "config": "config---my-react-page-5-e-9-dcc"
  }
}